num_samples,voting_threshold,rounds,input_size,batch_ratio,hidden_sizes,first_dropout,middle_dropout,last_dropout,weight_decay,last_non_linearity,middle_non_linearity,non_linearity,input_transform,lr,lr_alpha,lr_steps,input_size_freq,uncertainty_weights,compression,compression_parameter,seed,model_avg_auc_pr,model_avg_logloss,TN,FP,FN,TP,accuracy,precision,recall
50,0.5,1000,32000,0.04,[40],0.0,0.2,0.2,1e-06,relu,relu,relu,binarize,0.001,0.3,[10],32000,False,,,0,0.7061385388552435,0.6674159590233486,11,39,0,50,0.61,0.5617977528089888,1.0
50,0.5,1000,32000,0.04,[40],0.0,0.2,0.2,1e-06,relu,relu,relu,binarize,0.001,0.3,[10],32000,False,,,1,0.7061132769270884,0.667510133544641,22,28,0,50,0.72,0.6410256410256411,1.0
50,0.5,1000,32000,0.04,[40],0.0,0.2,0.2,1e-06,relu,relu,relu,binarize,0.001,0.3,[10],32000,False,,,2,0.7056714572470704,0.6661142554709658,16,34,0,50,0.66,0.5952380952380952,1.0
50,0.5,1000,32000,0.04,[40],0.0,0.2,0.2,1e-06,relu,relu,relu,binarize,0.001,0.3,[10],32000,False,,,3,0.7059918439585975,0.6686362561152107,15,35,0,50,0.65,0.5882352941176471,1.0
50,0.5,1000,32000,0.04,[40],0.0,0.2,0.2,1e-06,relu,relu,relu,binarize,0.001,0.3,[10],32000,False,,,4,0.7054635556374477,0.6672088143442666,15,35,0,50,0.65,0.5882352941176471,1.0
50,0.5,1000,32000,0.04,[40],0.0,0.2,0.2,1e-06,relu,relu,relu,binarize,0.001,0.3,[10],32000,False,,,5,0.7059649498621625,0.6672714326835043,17,33,0,50,0.67,0.6024096385542169,1.0
50,0.5,1000,32000,0.04,[40],0.0,0.2,0.2,1e-06,relu,relu,relu,binarize,0.001,0.3,[10],32000,False,,,6,0.7061379435253622,0.6671352453280979,14,36,0,50,0.64,0.5813953488372093,1.0
50,0.5,1000,32000,0.04,[40],0.0,0.2,0.2,1e-06,relu,relu,relu,binarize,0.001,0.3,[10],32000,False,,,7,0.7058829419107086,0.6668240661635709,14,36,0,50,0.64,0.5813953488372093,1.0
50,0.5,1000,32000,0.04,[40],0.0,0.2,0.2,1e-06,relu,relu,relu,binarize,0.001,0.3,[10],32000,False,,,8,0.7057832998768029,0.6676101340437912,16,34,0,50,0.66,0.5952380952380952,1.0
50,0.5,1000,32000,0.04,[40],0.0,0.2,0.2,1e-06,relu,relu,relu,binarize,0.001,0.3,[10],32000,False,,,9,0.7060951047507638,0.6660133132092653,15,35,0,50,0.65,0.5882352941176471,1.0
50,0.5,1000,32000,0.04,[40],0.0,0.2,0.2,1e-06,relu,relu,relu,binarize,0.001,0.3,[10],32000,False,,,10,0.7062801471959823,0.6671901696576988,9,41,0,50,0.59,0.5494505494505495,1.0
50,0.5,1000,32000,0.04,[40],0.0,0.2,0.2,1e-06,relu,relu,relu,binarize,0.001,0.3,[10],32000,False,,,11,0.7058238690359534,0.6664698576275339,14,36,0,50,0.64,0.5813953488372093,1.0
50,0.5,1000,32000,0.04,[40],0.0,0.2,0.2,1e-06,relu,relu,relu,binarize,0.001,0.3,[10],32000,False,,,12,0.7056094511093989,0.6667923734369798,18,32,0,50,0.68,0.6097560975609756,1.0
50,0.5,1000,32000,0.04,[40],0.0,0.2,0.2,1e-06,relu,relu,relu,binarize,0.001,0.3,[10],32000,False,,,13,0.7056368460275502,0.6672342010312294,14,36,0,50,0.64,0.5813953488372093,1.0
50,0.5,1000,32000,0.04,[40],0.0,0.2,0.2,1e-06,relu,relu,relu,binarize,0.001,0.3,[10],32000,False,,,14,0.7060687081741062,0.6664502731870906,15,35,0,50,0.65,0.5882352941176471,1.0
50,0.5,1000,32000,0.04,[40],0.0,0.2,0.2,1e-06,relu,relu,relu,binarize,0.001,0.3,[10],32000,False,,,15,0.7057146972796113,0.6672175366817006,15,35,0,50,0.65,0.5882352941176471,1.0
50,0.5,1000,32000,0.04,[40],0.0,0.2,0.2,1e-06,relu,relu,relu,binarize,0.001,0.3,[10],32000,False,,,16,0.7050637059405025,0.6686800856064915,17,33,0,50,0.67,0.6024096385542169,1.0
50,0.5,1000,32000,0.04,[40],0.0,0.2,0.2,1e-06,relu,relu,relu,binarize,0.001,0.3,[10],32000,False,,,17,0.7054294507114025,0.6669305814367188,14,36,0,50,0.64,0.5813953488372093,1.0
50,0.5,1000,32000,0.04,[40],0.0,0.2,0.2,1e-06,relu,relu,relu,binarize,0.001,0.3,[10],32000,False,,,18,0.7060539341805464,0.6660035001074851,10,40,0,50,0.6,0.5555555555555556,1.0
50,0.5,1000,32000,0.04,[40],0.0,0.2,0.2,1e-06,relu,relu,relu,binarize,0.001,0.3,[10],32000,False,,,19,0.7061201297343447,0.6664929844774751,15,35,0,50,0.65,0.5882352941176471,1.0
50,0.5,1000,32000,0.04,[40],0.0,0.2,0.2,1e-06,relu,relu,relu,binarize,0.001,0.3,[10],32000,False,,,20,0.7054639130314678,0.6670425326707698,8,42,0,50,0.58,0.5434782608695652,1.0
50,0.5,1000,32000,0.04,[40],0.0,0.2,0.2,1e-06,relu,relu,relu,binarize,0.001,0.3,[10],32000,False,,,21,0.7067013161228897,0.6648914024499,14,36,0,50,0.64,0.5813953488372093,1.0
50,0.5,1000,32000,0.04,[40],0.0,0.2,0.2,1e-06,relu,relu,relu,binarize,0.001,0.3,[10],32000,False,,,22,0.7058806516122488,0.6671864614070921,7,43,0,50,0.57,0.5376344086021505,1.0
50,0.5,1000,32000,0.04,[40],0.0,0.2,0.2,1e-06,relu,relu,relu,binarize,0.001,0.3,[10],32000,False,,,23,0.7059990513126899,0.6675576536336685,13,37,0,50,0.63,0.5747126436781609,1.0
50,0.5,1000,32000,0.04,[40],0.0,0.2,0.2,1e-06,relu,relu,relu,binarize,0.001,0.3,[10],32000,False,,,24,0.7061255715588957,0.6670012622208028,15,35,0,50,0.65,0.5882352941176471,1.0
50,0.5,1000,32000,0.04,[40],0.0,0.2,0.2,1e-06,relu,relu,relu,binarize,0.001,0.3,[10],32000,False,,,25,0.7055669308255832,0.6676637448650143,14,36,0,50,0.64,0.5813953488372093,1.0
50,0.5,1000,32000,0.04,[40],0.0,0.2,0.2,1e-06,relu,relu,relu,binarize,0.001,0.3,[10],32000,False,,,26,0.7058293130028138,0.6682911454874583,10,40,0,50,0.6,0.5555555555555556,1.0
50,0.5,1000,32000,0.04,[40],0.0,0.2,0.2,1e-06,relu,relu,relu,binarize,0.001,0.3,[10],32000,False,,,27,0.7062888227185706,0.6665980329527084,11,39,0,50,0.61,0.5617977528089888,1.0
50,0.5,1000,32000,0.04,[40],0.0,0.2,0.2,1e-06,relu,relu,relu,binarize,0.001,0.3,[10],32000,False,,,28,0.7060573266826009,0.6662329076988233,13,37,0,50,0.63,0.5747126436781609,1.0
50,0.5,1000,32000,0.04,[40],0.0,0.2,0.2,1e-06,relu,relu,relu,binarize,0.001,0.3,[10],32000,False,,,29,0.7055847131428021,0.6687838183132901,8,42,0,50,0.58,0.5434782608695652,1.0
50,0.5,1000,32000,0.04,[40],0.0,0.2,0.2,1e-06,relu,relu,relu,binarize,0.001,0.3,[10],32000,False,,,30,0.7059198086677226,0.6664136541707341,16,34,0,50,0.66,0.5952380952380952,1.0
50,0.5,1000,32000,0.04,[40],0.0,0.2,0.2,1e-06,relu,relu,relu,binarize,0.001,0.3,[10],32000,False,,,31,0.705855672657471,0.6670731560803503,17,33,0,50,0.67,0.6024096385542169,1.0
50,0.5,1000,32000,0.04,[40],0.0,0.2,0.2,1e-06,relu,relu,relu,binarize,0.001,0.3,[10],32000,False,,,32,0.7059209687406645,0.6671217595202867,18,32,0,50,0.68,0.6097560975609756,1.0
50,0.5,1000,32000,0.04,[40],0.0,0.2,0.2,1e-06,relu,relu,relu,binarize,0.001,0.3,[10],32000,False,,,33,0.7055893906115005,0.6674989488570907,12,38,0,50,0.62,0.5681818181818182,1.0
50,0.5,1000,32000,0.04,[40],0.0,0.2,0.2,1e-06,relu,relu,relu,binarize,0.001,0.3,[10],32000,False,,,34,0.7057823791058282,0.6674254814456145,18,32,0,50,0.68,0.6097560975609756,1.0
50,0.5,1000,32000,0.04,[40],0.0,0.2,0.2,1e-06,relu,relu,relu,binarize,0.001,0.3,[10],32000,False,,,35,0.7056758885241999,0.666346910139014,17,33,0,50,0.67,0.6024096385542169,1.0
50,0.5,1000,32000,0.04,[40],0.0,0.2,0.2,1e-06,relu,relu,relu,binarize,0.001,0.3,[10],32000,False,,,36,0.7057589016062935,0.6666009591259152,11,39,0,50,0.61,0.5617977528089888,1.0
50,0.5,1000,32000,0.04,[40],0.0,0.2,0.2,1e-06,relu,relu,relu,binarize,0.001,0.3,[10],32000,False,,,37,0.705599885774697,0.6655080437928774,16,34,0,50,0.66,0.5952380952380952,1.0
50,0.5,1000,32000,0.04,[40],0.0,0.2,0.2,1e-06,relu,relu,relu,binarize,0.001,0.3,[10],32000,False,,,38,0.7057738276696348,0.6658983471740834,17,33,0,50,0.67,0.6024096385542169,1.0
50,0.5,1000,32000,0.04,[40],0.0,0.2,0.2,1e-06,relu,relu,relu,binarize,0.001,0.3,[10],32000,False,,,39,0.705697508786753,0.6668020994485121,14,36,0,50,0.64,0.5813953488372093,1.0
50,0.5,1000,32000,0.04,[40],0.0,0.2,0.2,1e-06,relu,relu,relu,binarize,0.001,0.3,[10],32000,False,,,40,0.706246019390421,0.6662433526963847,19,31,0,50,0.69,0.6172839506172839,1.0
50,0.5,1000,32000,0.04,[40],0.0,0.2,0.2,1e-06,relu,relu,relu,binarize,0.001,0.3,[10],32000,False,,,41,0.7059164646765974,0.6652880770998522,13,37,0,50,0.63,0.5747126436781609,1.0
50,0.5,1000,32000,0.04,[40],0.0,0.2,0.2,1e-06,relu,relu,relu,binarize,0.001,0.3,[10],32000,False,,,42,0.7057726566444853,0.6658281476220645,14,36,0,50,0.64,0.5813953488372093,1.0
50,0.5,1000,32000,0.04,[40],0.0,0.2,0.2,1e-06,relu,relu,relu,binarize,0.001,0.3,[10],32000,False,,,43,0.7060823733320396,0.6669907385262417,15,35,0,50,0.65,0.5882352941176471,1.0
50,0.5,1000,32000,0.04,[40],0.0,0.2,0.2,1e-06,relu,relu,relu,binarize,0.001,0.3,[10],32000,False,,,44,0.7053016002569201,0.6672686008195718,16,34,0,50,0.66,0.5952380952380952,1.0
50,0.5,1000,32000,0.04,[40],0.0,0.2,0.2,1e-06,relu,relu,relu,binarize,0.001,0.3,[10],32000,False,,,45,0.7061275445869355,0.6657062893957327,12,38,0,50,0.62,0.5681818181818182,1.0
50,0.5,1000,32000,0.04,[40],0.0,0.2,0.2,1e-06,relu,relu,relu,binarize,0.001,0.3,[10],32000,False,,,46,0.7057271889968414,0.6674142504650107,18,32,0,50,0.68,0.6097560975609756,1.0
50,0.5,1000,32000,0.04,[40],0.0,0.2,0.2,1e-06,relu,relu,relu,binarize,0.001,0.3,[10],32000,False,,,47,0.705867792270343,0.6664806752238855,8,42,0,50,0.58,0.5434782608695652,1.0
50,0.5,1000,32000,0.04,[40],0.0,0.2,0.2,1e-06,relu,relu,relu,binarize,0.001,0.3,[10],32000,False,,,48,0.7058826076937134,0.6669577638452019,16,34,0,50,0.66,0.5952380952380952,1.0
50,0.5,1000,32000,0.04,[40],0.0,0.2,0.2,1e-06,relu,relu,relu,binarize,0.001,0.3,[10],32000,False,,,49,0.7058731604545546,0.6668854857161064,17,33,0,50,0.67,0.6024096385542169,1.0
50,0.5,1000,32000,0.06,[40],0.0,0.2,0.2,1e-06,relu,relu,relu,binarize,0.001,0.3,[10],32000,False,,,0,0.7082724793747068,0.6673070384745446,2,48,0,50,0.52,0.5102040816326531,1.0
50,0.5,1000,32000,0.06,[40],0.0,0.2,0.2,1e-06,relu,relu,relu,binarize,0.001,0.3,[10],32000,False,,,1,0.7080237482075987,0.6648954628474713,4,46,0,50,0.54,0.5208333333333334,1.0
50,0.5,1000,32000,0.06,[40],0.0,0.2,0.2,1e-06,relu,relu,relu,binarize,0.001,0.3,[10],32000,False,,,2,0.7079876929092823,0.6670960136208118,5,45,0,50,0.55,0.5263157894736842,1.0
50,0.5,1000,32000,0.06,[40],0.0,0.2,0.2,1e-06,relu,relu,relu,binarize,0.001,0.3,[10],32000,False,,,3,0.7079707391175865,0.6671064501408528,7,43,0,50,0.57,0.5376344086021505,1.0
50,0.5,1000,32000,0.06,[40],0.0,0.2,0.2,1e-06,relu,relu,relu,binarize,0.001,0.3,[10],32000,False,,,4,0.7080407021731533,0.6663343425566325,4,46,0,50,0.54,0.5208333333333334,1.0
50,0.5,1000,32000,0.06,[40],0.0,0.2,0.2,1e-06,relu,relu,relu,binarize,0.001,0.3,[10],32000,False,,,5,0.7081922890957308,0.6665445294678232,6,44,0,50,0.56,0.5319148936170213,1.0
50,0.5,1000,32000,0.06,[40],0.0,0.2,0.2,1e-06,relu,relu,relu,binarize,0.001,0.3,[10],32000,False,,,6,0.7080011155393713,0.667886527780192,5,45,0,50,0.55,0.5263157894736842,1.0
50,0.5,1000,32000,0.06,[40],0.0,0.2,0.2,1e-06,relu,relu,relu,binarize,0.001,0.3,[10],32000,False,,,7,0.7082888727506973,0.6658677785882403,2,48,0,50,0.52,0.5102040816326531,1.0
50,0.5,1000,32000,0.06,[40],0.0,0.2,0.2,1e-06,relu,relu,relu,binarize,0.001,0.3,[10],32000,False,,,8,0.7080184275171959,0.6670899434195647,4,46,0,50,0.54,0.5208333333333334,1.0
50,0.5,1000,32000,0.06,[40],0.0,0.2,0.2,1e-06,relu,relu,relu,binarize,0.001,0.3,[10],32000,False,,,9,0.7080453670610758,0.6652255269207613,4,46,0,50,0.54,0.5208333333333334,1.0
50,0.5,1000,32000,0.06,[40],0.0,0.2,0.2,1e-06,relu,relu,relu,binarize,0.001,0.3,[10],32000,False,,,10,0.7081187837151394,0.6660025366266968,4,46,0,50,0.54,0.5208333333333334,1.0
50,0.5,1000,32000,0.06,[40],0.0,0.2,0.2,1e-06,relu,relu,relu,binarize,0.001,0.3,[10],32000,False,,,11,0.7078736355942905,0.6662833416583746,3,47,0,50,0.53,0.5154639175257731,1.0
50,0.5,1000,32000,0.06,[40],0.0,0.2,0.2,1e-06,relu,relu,relu,binarize,0.001,0.3,[10],32000,False,,,12,0.7079373250232044,0.6650851381268091,5,45,0,50,0.55,0.5263157894736842,1.0
50,0.5,1000,32000,0.06,[40],0.0,0.2,0.2,1e-06,relu,relu,relu,binarize,0.001,0.3,[10],32000,False,,,13,0.7080425520350495,0.6654067985466761,8,42,0,50,0.58,0.5434782608695652,1.0
50,0.5,1000,32000,0.06,[40],0.0,0.2,0.2,1e-06,relu,relu,relu,binarize,0.001,0.3,[10],32000,False,,,14,0.7077752512166668,0.6651351281159051,6,44,0,50,0.56,0.5319148936170213,1.0
50,0.5,1000,32000,0.06,[40],0.0,0.2,0.2,1e-06,relu,relu,relu,binarize,0.001,0.3,[10],32000,False,,,15,0.708124095448864,0.6646895990797691,6,44,0,50,0.56,0.5319148936170213,1.0
50,0.5,1000,32000,0.06,[40],0.0,0.2,0.2,1e-06,relu,relu,relu,binarize,0.001,0.3,[10],32000,False,,,16,0.7082378645837897,0.6676773052728833,7,43,0,50,0.57,0.5376344086021505,1.0
50,0.5,1000,32000,0.06,[40],0.0,0.2,0.2,1e-06,relu,relu,relu,binarize,0.001,0.3,[10],32000,False,,,17,0.7083849444943985,0.666114128470624,3,47,0,50,0.53,0.5154639175257731,1.0
50,0.5,1000,32000,0.06,[40],0.0,0.2,0.2,1e-06,relu,relu,relu,binarize,0.001,0.3,[10],32000,False,,,18,0.7082054998160967,0.6664814868648816,6,44,0,50,0.56,0.5319148936170213,1.0
50,0.5,1000,32000,0.06,[40],0.0,0.2,0.2,1e-06,relu,relu,relu,binarize,0.001,0.3,[10],32000,False,,,19,0.7083233243896888,0.6647986421616683,3,47,0,50,0.53,0.5154639175257731,1.0
50,0.5,1000,32000,0.06,[40],0.0,0.2,0.2,1e-06,relu,relu,relu,binarize,0.001,0.3,[10],32000,False,,,20,0.7078700306283406,0.6658226159848057,4,46,0,50,0.54,0.5208333333333334,1.0
50,0.5,1000,32000,0.06,[40],0.0,0.2,0.2,1e-06,relu,relu,relu,binarize,0.001,0.3,[10],32000,False,,,21,0.7083387979735974,0.6661331739986995,4,46,0,50,0.54,0.5208333333333334,1.0
50,0.5,1000,32000,0.06,[40],0.0,0.2,0.2,1e-06,relu,relu,relu,binarize,0.001,0.3,[10],32000,False,,,22,0.7082061447129105,0.665408124665986,4,46,0,50,0.54,0.5208333333333334,1.0
50,0.5,1000,32000,0.06,[40],0.0,0.2,0.2,1e-06,relu,relu,relu,binarize,0.001,0.3,[10],32000,False,,,23,0.7082531082910192,0.6637573693628924,3,47,0,50,0.53,0.5154639175257731,1.0
50,0.5,1000,32000,0.06,[40],0.0,0.2,0.2,1e-06,relu,relu,relu,binarize,0.001,0.3,[10],32000,False,,,24,0.7080918674624191,0.6672565362580146,4,46,0,50,0.54,0.5208333333333334,1.0
50,0.5,1000,32000,0.06,[40],0.0,0.2,0.2,1e-06,relu,relu,relu,binarize,0.001,0.3,[10],32000,False,,,25,0.7081709066412325,0.6658612308350171,5,45,0,50,0.55,0.5263157894736842,1.0
50,0.5,1000,32000,0.06,[40],0.0,0.2,0.2,1e-06,relu,relu,relu,binarize,0.001,0.3,[10],32000,False,,,26,0.7082384492565221,0.6663677664016245,11,39,0,50,0.61,0.5617977528089888,1.0
50,0.5,1000,32000,0.06,[40],0.0,0.2,0.2,1e-06,relu,relu,relu,binarize,0.001,0.3,[10],32000,False,,,27,0.7081550444505502,0.6669454322080498,6,44,0,50,0.56,0.5319148936170213,1.0
50,0.5,1000,32000,0.06,[40],0.0,0.2,0.2,1e-06,relu,relu,relu,binarize,0.001,0.3,[10],32000,False,,,28,0.7080492148854441,0.6651363251818163,4,46,0,50,0.54,0.5208333333333334,1.0
50,0.5,1000,32000,0.06,[40],0.0,0.2,0.2,1e-06,relu,relu,relu,binarize,0.001,0.3,[10],32000,False,,,29,0.7081735956881267,0.6668953688722004,5,45,0,50,0.55,0.5263157894736842,1.0
50,0.5,1000,32000,0.06,[40],0.0,0.2,0.2,1e-06,relu,relu,relu,binarize,0.001,0.3,[10],32000,False,,,30,0.7081319481391526,0.6666101529465142,6,44,0,50,0.56,0.5319148936170213,1.0
50,0.5,1000,32000,0.06,[40],0.0,0.2,0.2,1e-06,relu,relu,relu,binarize,0.001,0.3,[10],32000,False,,,31,0.7080097451858125,0.665214096690339,5,45,0,50,0.55,0.5263157894736842,1.0
50,0.5,1000,32000,0.06,[40],0.0,0.2,0.2,1e-06,relu,relu,relu,binarize,0.001,0.3,[10],32000,False,,,32,0.7079964174659957,0.6640071431201088,4,46,0,50,0.54,0.5208333333333334,1.0
50,0.5,1000,32000,0.06,[40],0.0,0.2,0.2,1e-06,relu,relu,relu,binarize,0.001,0.3,[10],32000,False,,,33,0.7080134648607787,0.666338454146081,5,45,0,50,0.55,0.5263157894736842,1.0
50,0.5,1000,32000,0.06,[40],0.0,0.2,0.2,1e-06,relu,relu,relu,binarize,0.001,0.3,[10],32000,False,,,34,0.708173414585412,0.665391672434208,5,45,0,50,0.55,0.5263157894736842,1.0
50,0.5,1000,32000,0.06,[40],0.0,0.2,0.2,1e-06,relu,relu,relu,binarize,0.001,0.3,[10],32000,False,,,35,0.7079289089372993,0.6670113590843381,9,41,0,50,0.59,0.5494505494505495,1.0
50,0.5,1000,32000,0.06,[40],0.0,0.2,0.2,1e-06,relu,relu,relu,binarize,0.001,0.3,[10],32000,False,,,36,0.7079672646426055,0.6649824402963546,3,47,0,50,0.53,0.5154639175257731,1.0
50,0.5,1000,32000,0.06,[40],0.0,0.2,0.2,1e-06,relu,relu,relu,binarize,0.001,0.3,[10],32000,False,,,37,0.7081186091628474,0.6644272042759163,5,45,0,50,0.55,0.5263157894736842,1.0
50,0.5,1000,32000,0.06,[40],0.0,0.2,0.2,1e-06,relu,relu,relu,binarize,0.001,0.3,[10],32000,False,,,38,0.707899282383269,0.6656330245327367,5,45,0,50,0.55,0.5263157894736842,1.0
50,0.5,1000,32000,0.06,[40],0.0,0.2,0.2,1e-06,relu,relu,relu,binarize,0.001,0.3,[10],32000,False,,,39,0.7078187698858603,0.6649289760800196,2,48,0,50,0.52,0.5102040816326531,1.0
50,0.5,1000,32000,0.06,[40],0.0,0.2,0.2,1e-06,relu,relu,relu,binarize,0.001,0.3,[10],32000,False,,,40,0.7083210238521058,0.6668409430829285,5,45,0,50,0.55,0.5263157894736842,1.0
50,0.5,1000,32000,0.06,[40],0.0,0.2,0.2,1e-06,relu,relu,relu,binarize,0.001,0.3,[10],32000,False,,,41,0.707880848748757,0.6637134288396352,5,45,0,50,0.55,0.5263157894736842,1.0
50,0.5,1000,32000,0.06,[40],0.0,0.2,0.2,1e-06,relu,relu,relu,binarize,0.001,0.3,[10],32000,False,,,42,0.7081513285764097,0.667395874727384,6,44,0,50,0.56,0.5319148936170213,1.0
50,0.5,1000,32000,0.06,[40],0.0,0.2,0.2,1e-06,relu,relu,relu,binarize,0.001,0.3,[10],32000,False,,,43,0.7082702891382876,0.6653473287847931,2,48,0,50,0.52,0.5102040816326531,1.0
50,0.5,1000,32000,0.06,[40],0.0,0.2,0.2,1e-06,relu,relu,relu,binarize,0.001,0.3,[10],32000,False,,,44,0.7080871983660125,0.6670065343010343,3,47,0,50,0.53,0.5154639175257731,1.0
50,0.5,1000,32000,0.06,[40],0.0,0.2,0.2,1e-06,relu,relu,relu,binarize,0.001,0.3,[10],32000,False,,,45,0.7080597579956742,0.6656819747127539,6,44,0,50,0.56,0.5319148936170213,1.0
50,0.5,1000,32000,0.06,[40],0.0,0.2,0.2,1e-06,relu,relu,relu,binarize,0.001,0.3,[10],32000,False,,,46,0.7079229598338835,0.6659869561154295,4,46,0,50,0.54,0.5208333333333334,1.0
50,0.5,1000,32000,0.06,[40],0.0,0.2,0.2,1e-06,relu,relu,relu,binarize,0.001,0.3,[10],32000,False,,,47,0.7081117734339036,0.6654004426391956,6,44,0,50,0.56,0.5319148936170213,1.0
50,0.5,1000,32000,0.06,[40],0.0,0.2,0.2,1e-06,relu,relu,relu,binarize,0.001,0.3,[10],32000,False,,,48,0.7081733076984047,0.6655673696298506,1,49,0,50,0.51,0.5050505050505051,1.0
50,0.5,1000,32000,0.06,[40],0.0,0.2,0.2,1e-06,relu,relu,relu,binarize,0.001,0.3,[10],32000,False,,,49,0.7080045800539173,0.6657426719882868,4,46,0,50,0.54,0.5208333333333334,1.0
50,0.5,1000,32000,0.08,[40],0.0,0.2,0.2,1e-06,relu,relu,relu,binarize,0.001,0.3,[10],32000,False,,,0,0.7094185207754344,0.6652391711040068,1,49,0,50,0.51,0.5050505050505051,1.0
50,0.5,1000,32000,0.08,[40],0.0,0.2,0.2,1e-06,relu,relu,relu,binarize,0.001,0.3,[10],32000,False,,,1,0.7095990810039396,0.663740123734858,0,50,0,50,0.5,0.5,1.0
50,0.5,1000,32000,0.08,[40],0.0,0.2,0.2,1e-06,relu,relu,relu,binarize,0.001,0.3,[10],32000,False,,,2,0.7091981840379075,0.6656415908735704,4,46,0,50,0.54,0.5208333333333334,1.0
50,0.5,1000,32000,0.08,[40],0.0,0.2,0.2,1e-06,relu,relu,relu,binarize,0.001,0.3,[10],32000,False,,,3,0.7090774384482023,0.6648602989582513,1,49,0,50,0.51,0.5050505050505051,1.0
50,0.5,1000,32000,0.08,[40],0.0,0.2,0.2,1e-06,relu,relu,relu,binarize,0.001,0.3,[10],32000,False,,,4,0.7093546182160407,0.6658954112607046,4,46,0,50,0.54,0.5208333333333334,1.0
50,0.5,1000,32000,0.08,[40],0.0,0.2,0.2,1e-06,relu,relu,relu,binarize,0.001,0.3,[10],32000,False,,,5,0.7088885691564818,0.6644104553095855,2,48,0,50,0.52,0.5102040816326531,1.0
50,0.5,1000,32000,0.08,[40],0.0,0.2,0.2,1e-06,relu,relu,relu,binarize,0.001,0.3,[10],32000,False,,,6,0.7093035416446335,0.664052687916853,4,46,0,50,0.54,0.5208333333333334,1.0
50,0.5,1000,32000,0.08,[40],0.0,0.2,0.2,1e-06,relu,relu,relu,binarize,0.001,0.3,[10],32000,False,,,7,0.7088140611251975,0.6647997321852784,2,48,0,50,0.52,0.5102040816326531,1.0
50,0.5,1000,32000,0.08,[40],0.0,0.2,0.2,1e-06,relu,relu,relu,binarize,0.001,0.3,[10],32000,False,,,8,0.7087954710407973,0.6649434132691071,1,49,0,50,0.51,0.5050505050505051,1.0
50,0.5,1000,32000,0.08,[40],0.0,0.2,0.2,1e-06,relu,relu,relu,binarize,0.001,0.3,[10],32000,False,,,9,0.7091722513186617,0.6649785364146392,1,49,0,50,0.51,0.5050505050505051,1.0
50,0.5,1000,32000,0.08,[40],0.0,0.2,0.2,1e-06,relu,relu,relu,binarize,0.001,0.3,[10],32000,False,,,10,0.7092785314047376,0.6658887511028055,2,48,0,50,0.52,0.5102040816326531,1.0
50,0.5,1000,32000,0.08,[40],0.0,0.2,0.2,1e-06,relu,relu,relu,binarize,0.001,0.3,[10],32000,False,,,11,0.7092092719378817,0.6639444888092291,2,48,0,50,0.52,0.5102040816326531,1.0
50,0.5,1000,32000,0.08,[40],0.0,0.2,0.2,1e-06,relu,relu,relu,binarize,0.001,0.3,[10],32000,False,,,12,0.7089893129630656,0.6650524156102732,2,48,0,50,0.52,0.5102040816326531,1.0
50,0.5,1000,32000,0.08,[40],0.0,0.2,0.2,1e-06,relu,relu,relu,binarize,0.001,0.3,[10],32000,False,,,13,0.7092036119969182,0.6643786009069694,3,47,0,50,0.53,0.5154639175257731,1.0
50,0.5,1000,32000,0.08,[40],0.0,0.2,0.2,1e-06,relu,relu,relu,binarize,0.001,0.3,[10],32000,False,,,14,0.7092110832516164,0.6644911190407582,5,45,0,50,0.55,0.5263157894736842,1.0
50,0.5,1000,32000,0.08,[40],0.0,0.2,0.2,1e-06,relu,relu,relu,binarize,0.001,0.3,[10],32000,False,,,15,0.7091433235315019,0.6652315815746939,3,47,0,50,0.53,0.5154639175257731,1.0
50,0.5,1000,32000,0.08,[40],0.0,0.2,0.2,1e-06,relu,relu,relu,binarize,0.001,0.3,[10],32000,False,,,16,0.709572834256131,0.6639876376180168,2,48,0,50,0.52,0.5102040816326531,1.0
50,0.5,1000,32000,0.08,[40],0.0,0.2,0.2,1e-06,relu,relu,relu,binarize,0.001,0.3,[10],32000,False,,,17,0.709187245808822,0.6644130513195298,1,49,0,50,0.51,0.5050505050505051,1.0
50,0.5,1000,32000,0.08,[40],0.0,0.2,0.2,1e-06,relu,relu,relu,binarize,0.001,0.3,[10],32000,False,,,18,0.7092827463689483,0.6639725593432425,2,48,0,50,0.52,0.5102040816326531,1.0
50,0.5,1000,32000,0.08,[40],0.0,0.2,0.2,1e-06,relu,relu,relu,binarize,0.001,0.3,[10],32000,False,,,19,0.708970412780463,0.663958720656997,7,43,0,50,0.57,0.5376344086021505,1.0
50,0.5,1000,32000,0.08,[40],0.0,0.2,0.2,1e-06,relu,relu,relu,binarize,0.001,0.3,[10],32000,False,,,20,0.7091875165268826,0.6645104559316722,0,50,0,50,0.5,0.5,1.0
50,0.5,1000,32000,0.08,[40],0.0,0.2,0.2,1e-06,relu,relu,relu,binarize,0.001,0.3,[10],32000,False,,,21,0.7093915566061118,0.6640470165585723,2,48,0,50,0.52,0.5102040816326531,1.0
50,0.5,1000,32000,0.08,[40],0.0,0.2,0.2,1e-06,relu,relu,relu,binarize,0.001,0.3,[10],32000,False,,,22,0.7093369446455222,0.663556269816018,0,50,0,50,0.5,0.5,1.0
50,0.5,1000,32000,0.08,[40],0.0,0.2,0.2,1e-06,relu,relu,relu,binarize,0.001,0.3,[10],32000,False,,,23,0.7092475259654337,0.6654178811976899,3,47,0,50,0.53,0.5154639175257731,1.0
50,0.5,1000,32000,0.08,[40],0.0,0.2,0.2,1e-06,relu,relu,relu,binarize,0.001,0.3,[10],32000,False,,,24,0.7092626945331438,0.6635949942851841,3,47,0,50,0.53,0.5154639175257731,1.0
50,0.5,1000,32000,0.08,[40],0.0,0.2,0.2,1e-06,relu,relu,relu,binarize,0.001,0.3,[10],32000,False,,,25,0.7091550186714668,0.663599809194276,2,48,0,50,0.52,0.5102040816326531,1.0
50,0.5,1000,32000,0.08,[40],0.0,0.2,0.2,1e-06,relu,relu,relu,binarize,0.001,0.3,[10],32000,False,,,26,0.7094301556318727,0.6649351803815281,2,48,0,50,0.52,0.5102040816326531,1.0
50,0.5,1000,32000,0.08,[40],0.0,0.2,0.2,1e-06,relu,relu,relu,binarize,0.001,0.3,[10],32000,False,,,27,0.7092822026365495,0.6644272523753417,0,50,0,50,0.5,0.5,1.0
50,0.5,1000,32000,0.08,[40],0.0,0.2,0.2,1e-06,relu,relu,relu,binarize,0.001,0.3,[10],32000,False,,,28,0.7092206192697013,0.6644582782955506,0,50,0,50,0.5,0.5,1.0
50,0.5,1000,32000,0.08,[40],0.0,0.2,0.2,1e-06,relu,relu,relu,binarize,0.001,0.3,[10],32000,False,,,29,0.709618563606581,0.6651471376939123,0,50,0,50,0.5,0.5,1.0
50,0.5,1000,32000,0.08,[40],0.0,0.2,0.2,1e-06,relu,relu,relu,binarize,0.001,0.3,[10],32000,False,,,30,0.7094568067321023,0.6639050973078487,1,49,0,50,0.51,0.5050505050505051,1.0
50,0.5,1000,32000,0.08,[40],0.0,0.2,0.2,1e-06,relu,relu,relu,binarize,0.001,0.3,[10],32000,False,,,31,0.7089999060825407,0.6649184501063992,6,44,0,50,0.56,0.5319148936170213,1.0
50,0.5,1000,32000,0.08,[40],0.0,0.2,0.2,1e-06,relu,relu,relu,binarize,0.001,0.3,[10],32000,False,,,32,0.7091570507746431,0.6634085942841399,5,45,0,50,0.55,0.5263157894736842,1.0
50,0.5,1000,32000,0.08,[40],0.0,0.2,0.2,1e-06,relu,relu,relu,binarize,0.001,0.3,[10],32000,False,,,33,0.70912700597639,0.6649060113102407,3,47,0,50,0.53,0.5154639175257731,1.0
50,0.5,1000,32000,0.08,[40],0.0,0.2,0.2,1e-06,relu,relu,relu,binarize,0.001,0.3,[10],32000,False,,,34,0.7092317963435291,0.6656128582768073,5,45,0,50,0.55,0.5263157894736842,1.0
50,0.5,1000,32000,0.08,[40],0.0,0.2,0.2,1e-06,relu,relu,relu,binarize,0.001,0.3,[10],32000,False,,,35,0.7093906827478018,0.6642927621969866,1,49,0,50,0.51,0.5050505050505051,1.0
50,0.5,1000,32000,0.08,[40],0.0,0.2,0.2,1e-06,relu,relu,relu,binarize,0.001,0.3,[10],32000,False,,,36,0.7093389580944043,0.6644098294468221,2,48,0,50,0.52,0.5102040816326531,1.0
50,0.5,1000,32000,0.08,[40],0.0,0.2,0.2,1e-06,relu,relu,relu,binarize,0.001,0.3,[10],32000,False,,,37,0.7092170771842795,0.6633983131484461,3,47,0,50,0.53,0.5154639175257731,1.0
50,0.5,1000,32000,0.08,[40],0.0,0.2,0.2,1e-06,relu,relu,relu,binarize,0.001,0.3,[10],32000,False,,,38,0.709109220717591,0.6657748804090196,2,48,0,50,0.52,0.5102040816326531,1.0
50,0.5,1000,32000,0.08,[40],0.0,0.2,0.2,1e-06,relu,relu,relu,binarize,0.001,0.3,[10],32000,False,,,39,0.7088436641826199,0.6643094548525091,3,47,0,50,0.53,0.5154639175257731,1.0
50,0.5,1000,32000,0.08,[40],0.0,0.2,0.2,1e-06,relu,relu,relu,binarize,0.001,0.3,[10],32000,False,,,40,0.7089968599624914,0.6650701269173747,0,50,0,50,0.5,0.5,1.0
50,0.5,1000,32000,0.08,[40],0.0,0.2,0.2,1e-06,relu,relu,relu,binarize,0.001,0.3,[10],32000,False,,,41,0.7091302277375515,0.6645717621302756,4,46,0,50,0.54,0.5208333333333334,1.0
50,0.5,1000,32000,0.08,[40],0.0,0.2,0.2,1e-06,relu,relu,relu,binarize,0.001,0.3,[10],32000,False,,,42,0.7093554260474463,0.6648033866728602,1,49,0,50,0.51,0.5050505050505051,1.0
50,0.5,1000,32000,0.08,[40],0.0,0.2,0.2,1e-06,relu,relu,relu,binarize,0.001,0.3,[10],32000,False,,,43,0.7093099148746886,0.6646634442499575,4,46,0,50,0.54,0.5208333333333334,1.0
50,0.5,1000,32000,0.08,[40],0.0,0.2,0.2,1e-06,relu,relu,relu,binarize,0.001,0.3,[10],32000,False,,,44,0.7091802874143784,0.6653371481030238,1,49,0,50,0.51,0.5050505050505051,1.0
50,0.5,1000,32000,0.08,[40],0.0,0.2,0.2,1e-06,relu,relu,relu,binarize,0.001,0.3,[10],32000,False,,,45,0.7090199046729886,0.6650847681266941,4,46,0,50,0.54,0.5208333333333334,1.0
50,0.5,1000,32000,0.08,[40],0.0,0.2,0.2,1e-06,relu,relu,relu,binarize,0.001,0.3,[10],32000,False,,,46,0.7091983826697689,0.6637359318288611,2,48,0,50,0.52,0.5102040816326531,1.0
50,0.5,1000,32000,0.08,[40],0.0,0.2,0.2,1e-06,relu,relu,relu,binarize,0.001,0.3,[10],32000,False,,,47,0.7090557868448235,0.664250615144237,1,49,0,50,0.51,0.5050505050505051,1.0
50,0.5,1000,32000,0.08,[40],0.0,0.2,0.2,1e-06,relu,relu,relu,binarize,0.001,0.3,[10],32000,False,,,48,0.7090862832954683,0.6641255032958812,4,46,0,50,0.54,0.5208333333333334,1.0
50,0.5,1000,32000,0.08,[40],0.0,0.2,0.2,1e-06,relu,relu,relu,binarize,0.001,0.3,[10],32000,False,,,49,0.709373141577169,0.6654137015765151,2,48,0,50,0.52,0.5102040816326531,1.0
50,0.5,1000,32000,0.1,[40],0.0,0.2,0.2,1e-06,relu,relu,relu,binarize,0.001,0.3,[10],32000,False,,,0,0.7007422016946828,0.6683468825705945,5,45,0,50,0.55,0.5263157894736842,1.0
50,0.5,1000,32000,0.1,[40],0.0,0.2,0.2,1e-06,relu,relu,relu,binarize,0.001,0.3,[10],32000,False,,,1,0.7007277841554058,0.670283433801501,5,45,0,50,0.55,0.5263157894736842,1.0
50,0.5,1000,32000,0.1,[40],0.0,0.2,0.2,1e-06,relu,relu,relu,binarize,0.001,0.3,[10],32000,False,,,2,0.7004681932378365,0.667813553765004,6,44,0,50,0.56,0.5319148936170213,1.0
50,0.5,1000,32000,0.1,[40],0.0,0.2,0.2,1e-06,relu,relu,relu,binarize,0.001,0.3,[10],32000,False,,,3,0.7001245700466152,0.6702219358358065,6,44,0,50,0.56,0.5319148936170213,1.0
50,0.5,1000,32000,0.1,[40],0.0,0.2,0.2,1e-06,relu,relu,relu,binarize,0.001,0.3,[10],32000,False,,,4,0.7007877007248171,0.6649652202418805,5,45,0,50,0.55,0.5263157894736842,1.0
50,0.5,1000,32000,0.1,[40],0.0,0.2,0.2,1e-06,relu,relu,relu,binarize,0.001,0.3,[10],32000,False,,,5,0.7011865127878211,0.6682334952121376,5,45,0,50,0.55,0.5263157894736842,1.0
50,0.5,1000,32000,0.1,[40],0.0,0.2,0.2,1e-06,relu,relu,relu,binarize,0.001,0.3,[10],32000,False,,,6,0.7016123041384461,0.6697272271497774,5,45,0,50,0.55,0.5263157894736842,1.0
50,0.5,1000,32000,0.1,[40],0.0,0.2,0.2,1e-06,relu,relu,relu,binarize,0.001,0.3,[10],32000,False,,,7,0.7007274161798269,0.6693790847555585,5,45,0,50,0.55,0.5263157894736842,1.0
50,0.5,1000,32000,0.1,[40],0.0,0.2,0.2,1e-06,relu,relu,relu,binarize,0.001,0.3,[10],32000,False,,,8,0.7006936501537978,0.6669005771430604,6,44,0,50,0.56,0.5319148936170213,1.0
50,0.5,1000,32000,0.1,[40],0.0,0.2,0.2,1e-06,relu,relu,relu,binarize,0.001,0.3,[10],32000,False,,,9,0.7011326947351514,0.6680105542509774,5,45,0,50,0.55,0.5263157894736842,1.0
50,0.5,1000,32000,0.1,[40],0.0,0.2,0.2,1e-06,relu,relu,relu,binarize,0.001,0.3,[10],32000,False,,,10,0.7014834685960696,0.6696937577660915,5,45,0,50,0.55,0.5263157894736842,1.0
50,0.5,1000,32000,0.1,[40],0.0,0.2,0.2,1e-06,relu,relu,relu,binarize,0.001,0.3,[10],32000,False,,,11,0.7004605551928244,0.6642763305656375,5,45,0,50,0.55,0.5263157894736842,1.0
50,0.5,1000,32000,0.1,[40],0.0,0.2,0.2,1e-06,relu,relu,relu,binarize,0.001,0.3,[10],32000,False,,,12,0.7007215368304777,0.6688698461538476,5,45,0,50,0.55,0.5263157894736842,1.0
50,0.5,1000,32000,0.1,[40],0.0,0.2,0.2,1e-06,relu,relu,relu,binarize,0.001,0.3,[10],32000,False,,,13,0.7008800298118993,0.6672592330423511,5,45,0,50,0.55,0.5263157894736842,1.0
50,0.5,1000,32000,0.1,[40],0.0,0.2,0.2,1e-06,relu,relu,relu,binarize,0.001,0.3,[10],32000,False,,,14,0.7010056730490579,0.6655596597168326,5,45,0,50,0.55,0.5263157894736842,1.0
50,0.5,1000,32000,0.1,[40],0.0,0.2,0.2,1e-06,relu,relu,relu,binarize,0.001,0.3,[10],32000,False,,,15,0.7008305181677121,0.6679753754985668,5,45,0,50,0.55,0.5263157894736842,1.0
50,0.5,1000,32000,0.1,[40],0.0,0.2,0.2,1e-06,relu,relu,relu,binarize,0.001,0.3,[10],32000,False,,,16,0.700650701847765,0.6667736144301929,7,43,0,50,0.57,0.5376344086021505,1.0
50,0.5,1000,32000,0.1,[40],0.0,0.2,0.2,1e-06,relu,relu,relu,binarize,0.001,0.3,[10],32000,False,,,17,0.7005411338049261,0.6686313000074067,5,45,0,50,0.55,0.5263157894736842,1.0
50,0.5,1000,32000,0.1,[40],0.0,0.2,0.2,1e-06,relu,relu,relu,binarize,0.001,0.3,[10],32000,False,,,18,0.7004680407118012,0.6672760490050302,6,44,0,50,0.56,0.5319148936170213,1.0
50,0.5,1000,32000,0.1,[40],0.0,0.2,0.2,1e-06,relu,relu,relu,binarize,0.001,0.3,[10],32000,False,,,19,0.7009568875628481,0.667274675918357,6,44,0,50,0.56,0.5319148936170213,1.0
50,0.5,1000,32000,0.1,[40],0.0,0.2,0.2,1e-06,relu,relu,relu,binarize,0.001,0.3,[10],32000,False,,,20,0.70087186602545,0.6665773902523136,5,45,0,50,0.55,0.5263157894736842,1.0
50,0.5,1000,32000,0.1,[40],0.0,0.2,0.2,1e-06,relu,relu,relu,binarize,0.001,0.3,[10],32000,False,,,21,0.7019789556947655,0.6690210504388041,6,44,0,50,0.56,0.5319148936170213,1.0
50,0.5,1000,32000,0.1,[40],0.0,0.2,0.2,1e-06,relu,relu,relu,binarize,0.001,0.3,[10],32000,False,,,22,0.7008245990395915,0.6710695005403237,5,45,0,50,0.55,0.5263157894736842,1.0
50,0.5,1000,32000,0.1,[40],0.0,0.2,0.2,1e-06,relu,relu,relu,binarize,0.001,0.3,[10],32000,False,,,23,0.7006231135407648,0.6681748797583922,5,45,0,50,0.55,0.5263157894736842,1.0
50,0.5,1000,32000,0.1,[40],0.0,0.2,0.2,1e-06,relu,relu,relu,binarize,0.001,0.3,[10],32000,False,,,24,0.7005729173211495,0.66736234876996,5,45,0,50,0.55,0.5263157894736842,1.0
50,0.5,1000,32000,0.1,[40],0.0,0.2,0.2,1e-06,relu,relu,relu,binarize,0.001,0.3,[10],32000,False,,,25,0.700169487061636,0.6679870271989481,5,45,0,50,0.55,0.5263157894736842,1.0
50,0.5,1000,32000,0.1,[40],0.0,0.2,0.2,1e-06,relu,relu,relu,binarize,0.001,0.3,[10],32000,False,,,26,0.7007872700356859,0.6701973026354412,7,43,0,50,0.57,0.5376344086021505,1.0
50,0.5,1000,32000,0.1,[40],0.0,0.2,0.2,1e-06,relu,relu,relu,binarize,0.001,0.3,[10],32000,False,,,27,0.7010018535533515,0.6684814606828187,5,45,0,50,0.55,0.5263157894736842,1.0
50,0.5,1000,32000,0.1,[40],0.0,0.2,0.2,1e-06,relu,relu,relu,binarize,0.001,0.3,[10],32000,False,,,28,0.701425339861141,0.6680210990547641,6,44,0,50,0.56,0.5319148936170213,1.0
50,0.5,1000,32000,0.1,[40],0.0,0.2,0.2,1e-06,relu,relu,relu,binarize,0.001,0.3,[10],32000,False,,,29,0.7009426349381768,0.6636606296918914,5,45,0,50,0.55,0.5263157894736842,1.0
50,0.5,1000,32000,0.1,[40],0.0,0.2,0.2,1e-06,relu,relu,relu,binarize,0.001,0.3,[10],32000,False,,,30,0.701479336904147,0.6654650817460165,7,43,0,50,0.57,0.5376344086021505,1.0
50,0.5,1000,32000,0.1,[40],0.0,0.2,0.2,1e-06,relu,relu,relu,binarize,0.001,0.3,[10],32000,False,,,31,0.7011374089418669,0.665341335097849,5,45,0,50,0.55,0.5263157894736842,1.0
50,0.5,1000,32000,0.1,[40],0.0,0.2,0.2,1e-06,relu,relu,relu,binarize,0.001,0.3,[10],32000,False,,,32,0.7010255024755161,0.6671256297580956,5,45,0,50,0.55,0.5263157894736842,1.0
50,0.5,1000,32000,0.1,[40],0.0,0.2,0.2,1e-06,relu,relu,relu,binarize,0.001,0.3,[10],32000,False,,,33,0.7005780726465118,0.6683205351630408,5,45,0,50,0.55,0.5263157894736842,1.0
50,0.5,1000,32000,0.1,[40],0.0,0.2,0.2,1e-06,relu,relu,relu,binarize,0.001,0.3,[10],32000,False,,,34,0.7009984338149098,0.6684295013743726,7,43,0,50,0.57,0.5376344086021505,1.0
50,0.5,1000,32000,0.1,[40],0.0,0.2,0.2,1e-06,relu,relu,relu,binarize,0.001,0.3,[10],32000,False,,,35,0.7007411603531942,0.6683753445782086,5,45,0,50,0.55,0.5263157894736842,1.0
50,0.5,1000,32000,0.1,[40],0.0,0.2,0.2,1e-06,relu,relu,relu,binarize,0.001,0.3,[10],32000,False,,,36,0.7007882512621666,0.6640234997063942,5,45,0,50,0.55,0.5263157894736842,1.0
50,0.5,1000,32000,0.1,[40],0.0,0.2,0.2,1e-06,relu,relu,relu,binarize,0.001,0.3,[10],32000,False,,,37,0.7008225724613861,0.667146694107548,5,45,0,50,0.55,0.5263157894736842,1.0
50,0.5,1000,32000,0.1,[40],0.0,0.2,0.2,1e-06,relu,relu,relu,binarize,0.001,0.3,[10],32000,False,,,38,0.7009188972321481,0.6653111505074407,6,44,0,50,0.56,0.5319148936170213,1.0
50,0.5,1000,32000,0.1,[40],0.0,0.2,0.2,1e-06,relu,relu,relu,binarize,0.001,0.3,[10],32000,False,,,39,0.7008560875258432,0.6663914890314464,8,42,0,50,0.58,0.5434782608695652,1.0
50,0.5,1000,32000,0.1,[40],0.0,0.2,0.2,1e-06,relu,relu,relu,binarize,0.001,0.3,[10],32000,False,,,40,0.7012896370576304,0.6661959124501396,5,45,0,50,0.55,0.5263157894736842,1.0
50,0.5,1000,32000,0.1,[40],0.0,0.2,0.2,1e-06,relu,relu,relu,binarize,0.001,0.3,[10],32000,False,,,41,0.7009936041964513,0.6649795076733331,5,45,0,50,0.55,0.5263157894736842,1.0
50,0.5,1000,32000,0.1,[40],0.0,0.2,0.2,1e-06,relu,relu,relu,binarize,0.001,0.3,[10],32000,False,,,42,0.7006333664203341,0.6671082950203734,6,44,0,50,0.56,0.5319148936170213,1.0
50,0.5,1000,32000,0.1,[40],0.0,0.2,0.2,1e-06,relu,relu,relu,binarize,0.001,0.3,[10],32000,False,,,43,0.7011666008045235,0.6668474982028341,5,45,0,50,0.55,0.5263157894736842,1.0
50,0.5,1000,32000,0.1,[40],0.0,0.2,0.2,1e-06,relu,relu,relu,binarize,0.001,0.3,[10],32000,False,,,44,0.7008168776604946,0.6685354310176231,5,45,0,50,0.55,0.5263157894736842,1.0
50,0.5,1000,32000,0.1,[40],0.0,0.2,0.2,1e-06,relu,relu,relu,binarize,0.001,0.3,[10],32000,False,,,45,0.7003877390661024,0.6695947676460959,7,43,0,50,0.57,0.5376344086021505,1.0
50,0.5,1000,32000,0.1,[40],0.0,0.2,0.2,1e-06,relu,relu,relu,binarize,0.001,0.3,[10],32000,False,,,46,0.7008177874154252,0.6685552541322378,5,45,0,50,0.55,0.5263157894736842,1.0
50,0.5,1000,32000,0.1,[40],0.0,0.2,0.2,1e-06,relu,relu,relu,binarize,0.001,0.3,[10],32000,False,,,47,0.7009293119661255,0.6651587279972982,5,45,0,50,0.55,0.5263157894736842,1.0
50,0.5,1000,32000,0.1,[40],0.0,0.2,0.2,1e-06,relu,relu,relu,binarize,0.001,0.3,[10],32000,False,,,48,0.7014473003318431,0.6702867857546082,6,44,0,50,0.56,0.5319148936170213,1.0
50,0.5,1000,32000,0.1,[40],0.0,0.2,0.2,1e-06,relu,relu,relu,binarize,0.001,0.3,[10],32000,False,,,49,0.7004833462875231,0.669518488243679,6,44,0,50,0.56,0.5319148936170213,1.0
