num_samples,voting_threshold,rounds,input_size,hidden_sizes,middle_dropout,last_dropout,weight_decay,last_non_linearity,middle_non_linearity,non_linearity,input_transform,lr,lr_alpha,lr_steps,input_size_freq,uncertainty_weights,seed,output_size,batch_size,model_avg_auc_pr,model_avg_logloss,TN,FP,FN,TP,accuracy,precision,recall
50,0.5,1000,32000,[40],0.2,0.2,1e-06,relu,relu,relu,binarize,0.001,0.3,[10],32000,False,0,309,1298,0.7077804231838264,0.6694078161691541,29,21,0,50,0.79,0.704225352112676,1.0
50,0.5,1000,32000,[40],0.2,0.2,1e-06,relu,relu,relu,binarize,0.001,0.3,[10],32000,False,1,309,1298,0.7079178717058505,0.6706818760058774,38,12,0,50,0.88,0.8064516129032258,1.0
50,0.5,1000,32000,[40],0.2,0.2,1e-06,relu,relu,relu,binarize,0.001,0.3,[10],32000,False,2,309,1298,0.7076256469591844,0.6700556061161047,25,25,0,50,0.75,0.6666666666666666,1.0
50,0.5,1000,32000,[40],0.2,0.2,1e-06,relu,relu,relu,binarize,0.001,0.3,[10],32000,False,3,309,1298,0.7076695579241521,0.6700095328945064,36,14,0,50,0.86,0.78125,1.0
50,0.5,1000,32000,[40],0.2,0.2,1e-06,relu,relu,relu,binarize,0.001,0.3,[10],32000,False,4,309,1298,0.7073745229087927,0.6681800328999503,37,13,0,50,0.87,0.7936507936507936,1.0
50,0.5,1000,32000,[40],0.2,0.2,1e-06,relu,relu,relu,binarize,0.001,0.3,[10],32000,False,5,309,1298,0.7080521510586049,0.6703563572826317,36,14,0,50,0.86,0.78125,1.0
50,0.5,1000,32000,[40],0.2,0.2,1e-06,relu,relu,relu,binarize,0.001,0.3,[10],32000,False,6,309,1298,0.7075153960034111,0.6683039779314439,27,23,0,50,0.77,0.684931506849315,1.0
50,0.5,1000,32000,[40],0.2,0.2,1e-06,relu,relu,relu,binarize,0.001,0.3,[10],32000,False,7,309,1298,0.7079840460268217,0.6691724843038299,31,19,0,50,0.81,0.7246376811594203,1.0
50,0.5,1000,32000,[40],0.2,0.2,1e-06,relu,relu,relu,binarize,0.001,0.3,[10],32000,False,8,309,1298,0.7076030190971814,0.669601720268794,32,18,0,50,0.82,0.7352941176470589,1.0
50,0.5,1000,32000,[40],0.2,0.2,1e-06,relu,relu,relu,binarize,0.001,0.3,[10],32000,False,9,309,1298,0.7078613846328561,0.6687154390446782,32,18,0,50,0.82,0.7352941176470589,1.0
50,0.5,1000,32000,[40],0.2,0.2,1e-06,relu,relu,relu,binarize,0.001,0.3,[10],32000,False,10,309,1298,0.7074855233251583,0.6700734243745072,31,19,0,50,0.81,0.7246376811594203,1.0
50,0.5,1000,32000,[40],0.2,0.2,1e-06,relu,relu,relu,binarize,0.001,0.3,[10],32000,False,11,309,1298,0.7074197936674989,0.6680596430383919,35,15,0,50,0.85,0.7692307692307693,1.0
50,0.5,1000,32000,[40],0.2,0.2,1e-06,relu,relu,relu,binarize,0.001,0.3,[10],32000,False,12,309,1298,0.7079009714329091,0.6684515203759769,33,17,0,50,0.83,0.746268656716418,1.0
50,0.5,1000,32000,[40],0.2,0.2,1e-06,relu,relu,relu,binarize,0.001,0.3,[10],32000,False,13,309,1298,0.7080292137159463,0.6694090891618172,31,19,0,50,0.81,0.7246376811594203,1.0
50,0.5,1000,32000,[40],0.2,0.2,1e-06,relu,relu,relu,binarize,0.001,0.3,[10],32000,False,14,309,1298,0.7079095214054112,0.6676613935485869,30,20,0,50,0.8,0.7142857142857143,1.0
50,0.5,1000,32000,[40],0.2,0.2,1e-06,relu,relu,relu,binarize,0.001,0.3,[10],32000,False,15,309,1298,0.7079402922888072,0.6702488759949664,32,18,0,50,0.82,0.7352941176470589,1.0
50,0.5,1000,32000,[40],0.2,0.2,1e-06,relu,relu,relu,binarize,0.001,0.3,[10],32000,False,16,309,1298,0.707621435494554,0.6700560944789931,35,15,0,50,0.85,0.7692307692307693,1.0
50,0.5,1000,32000,[40],0.2,0.2,1e-06,relu,relu,relu,binarize,0.001,0.3,[10],32000,False,17,309,1298,0.7078433539633591,0.6696727800232453,34,16,0,50,0.84,0.7575757575757576,1.0
50,0.5,1000,32000,[40],0.2,0.2,1e-06,relu,relu,relu,binarize,0.001,0.3,[10],32000,False,18,309,1298,0.7078412266346759,0.6686022002948431,36,14,0,50,0.86,0.78125,1.0
50,0.5,1000,32000,[40],0.2,0.2,1e-06,relu,relu,relu,binarize,0.001,0.3,[10],32000,False,19,309,1298,0.7075236295461168,0.6684797363901773,34,16,0,50,0.84,0.7575757575757576,1.0
50,0.5,1000,32000,[40],0.2,0.2,1e-06,relu,relu,relu,binarize,0.001,0.3,[10],32000,False,20,309,1298,0.7079207889475678,0.6667463362814603,32,18,0,50,0.82,0.7352941176470589,1.0
50,0.5,1000,32000,[40],0.2,0.2,1e-06,relu,relu,relu,binarize,0.001,0.3,[10],32000,False,21,309,1298,0.7078276452153063,0.6699445377288781,33,17,0,50,0.83,0.746268656716418,1.0
50,0.5,1000,32000,[40],0.2,0.2,1e-06,relu,relu,relu,binarize,0.001,0.3,[10],32000,False,22,309,1298,0.7077376069081098,0.6716729560320508,35,15,0,50,0.85,0.7692307692307693,1.0
50,0.5,1000,32000,[40],0.2,0.2,1e-06,relu,relu,relu,binarize,0.001,0.3,[10],32000,False,23,309,1298,0.7078678164839469,0.6706215031040259,37,13,0,50,0.87,0.7936507936507936,1.0
50,0.5,1000,32000,[40],0.2,0.2,1e-06,relu,relu,relu,binarize,0.001,0.3,[10],32000,False,24,309,1298,0.7076243072213358,0.6672734660224416,33,17,0,50,0.83,0.746268656716418,1.0
50,0.5,1000,32000,[40],0.2,0.2,1e-06,relu,relu,relu,binarize,0.001,0.3,[10],32000,False,25,309,1298,0.7078726916337545,0.6680205463536119,35,15,0,50,0.85,0.7692307692307693,1.0
50,0.5,1000,32000,[40],0.2,0.2,1e-06,relu,relu,relu,binarize,0.001,0.3,[10],32000,False,26,309,1298,0.7076646527962552,0.6677394577146436,28,22,0,50,0.78,0.6944444444444444,1.0
50,0.5,1000,32000,[40],0.2,0.2,1e-06,relu,relu,relu,binarize,0.001,0.3,[10],32000,False,27,309,1298,0.7080712607275572,0.6688336494910248,38,12,0,50,0.88,0.8064516129032258,1.0
50,0.5,1000,32000,[40],0.2,0.2,1e-06,relu,relu,relu,binarize,0.001,0.3,[10],32000,False,28,309,1298,0.7077267658827967,0.669025114127082,37,13,0,50,0.87,0.7936507936507936,1.0
50,0.5,1000,32000,[40],0.2,0.2,1e-06,relu,relu,relu,binarize,0.001,0.3,[10],32000,False,29,309,1298,0.7079888478203094,0.6715141484784927,31,19,0,50,0.81,0.7246376811594203,1.0
50,0.5,1000,32000,[40],0.2,0.2,1e-06,relu,relu,relu,binarize,0.001,0.3,[10],32000,False,30,309,1298,0.7075869459262353,0.668623132692319,36,14,0,50,0.86,0.78125,1.0
50,0.5,1000,32000,[40],0.2,0.2,1e-06,relu,relu,relu,binarize,0.001,0.3,[10],32000,False,31,309,1298,0.7073224643112924,0.6669480584921511,32,18,0,50,0.82,0.7352941176470589,1.0
50,0.5,1000,32000,[40],0.2,0.2,1e-06,relu,relu,relu,binarize,0.001,0.3,[10],32000,False,32,309,1298,0.7075068303551301,0.6708810023395979,34,16,0,50,0.84,0.7575757575757576,1.0
50,0.5,1000,32000,[40],0.2,0.2,1e-06,relu,relu,relu,binarize,0.001,0.3,[10],32000,False,33,309,1298,0.7078837055598096,0.6702899543730682,29,21,0,50,0.79,0.704225352112676,1.0
50,0.5,1000,32000,[40],0.2,0.2,1e-06,relu,relu,relu,binarize,0.001,0.3,[10],32000,False,34,309,1298,0.7073585037176148,0.6698077013774297,36,14,0,50,0.86,0.78125,1.0
50,0.5,1000,32000,[40],0.2,0.2,1e-06,relu,relu,relu,binarize,0.001,0.3,[10],32000,False,35,309,1298,0.7076805555618069,0.6688576499261065,37,13,0,50,0.87,0.7936507936507936,1.0
50,0.5,1000,32000,[40],0.2,0.2,1e-06,relu,relu,relu,binarize,0.001,0.3,[10],32000,False,36,309,1298,0.7077967835018824,0.6677939591057924,29,21,0,50,0.79,0.704225352112676,1.0
50,0.5,1000,32000,[40],0.2,0.2,1e-06,relu,relu,relu,binarize,0.001,0.3,[10],32000,False,37,309,1298,0.7076855361129744,0.6696984463844483,33,17,0,50,0.83,0.746268656716418,1.0
50,0.5,1000,32000,[40],0.2,0.2,1e-06,relu,relu,relu,binarize,0.001,0.3,[10],32000,False,38,309,1298,0.7079663083429798,0.669544772983252,35,15,0,50,0.85,0.7692307692307693,1.0
50,0.5,1000,32000,[40],0.2,0.2,1e-06,relu,relu,relu,binarize,0.001,0.3,[10],32000,False,39,309,1298,0.7083426160791302,0.6682370958904358,30,20,0,50,0.8,0.7142857142857143,1.0
50,0.5,1000,32000,[40],0.2,0.2,1e-06,relu,relu,relu,binarize,0.001,0.3,[10],32000,False,40,309,1298,0.7079016229377194,0.6704888580420316,40,10,0,50,0.9,0.8333333333333334,1.0
50,0.5,1000,32000,[40],0.2,0.2,1e-06,relu,relu,relu,binarize,0.001,0.3,[10],32000,False,41,309,1298,0.7075880272096415,0.6677323104857747,35,15,0,50,0.85,0.7692307692307693,1.0
50,0.5,1000,32000,[40],0.2,0.2,1e-06,relu,relu,relu,binarize,0.001,0.3,[10],32000,False,42,309,1298,0.7078039384657375,0.6699993608080851,33,17,0,50,0.83,0.746268656716418,1.0
50,0.5,1000,32000,[40],0.2,0.2,1e-06,relu,relu,relu,binarize,0.001,0.3,[10],32000,False,43,309,1298,0.7079700091739054,0.667780457186403,24,26,0,50,0.74,0.6578947368421053,1.0
50,0.5,1000,32000,[40],0.2,0.2,1e-06,relu,relu,relu,binarize,0.001,0.3,[10],32000,False,44,309,1298,0.7080019419822688,0.6700904439157869,28,22,0,50,0.78,0.6944444444444444,1.0
50,0.5,1000,32000,[40],0.2,0.2,1e-06,relu,relu,relu,binarize,0.001,0.3,[10],32000,False,45,309,1298,0.7079647523333434,0.6676241630038239,33,17,0,50,0.83,0.746268656716418,1.0
50,0.5,1000,32000,[40],0.2,0.2,1e-06,relu,relu,relu,binarize,0.001,0.3,[10],32000,False,46,309,1298,0.7076793490708801,0.6694428073858453,37,13,0,50,0.87,0.7936507936507936,1.0
50,0.5,1000,32000,[40],0.2,0.2,1e-06,relu,relu,relu,binarize,0.001,0.3,[10],32000,False,47,309,1298,0.7078705982154789,0.6707021068786697,32,18,0,50,0.82,0.7352941176470589,1.0
50,0.5,1000,32000,[40],0.2,0.2,1e-06,relu,relu,relu,binarize,0.001,0.3,[10],32000,False,48,309,1298,0.7078947895344925,0.6683954035701805,32,18,0,50,0.82,0.7352941176470589,1.0
50,0.5,1000,32000,[40],0.2,0.2,1e-06,relu,relu,relu,binarize,0.001,0.3,[10],32000,False,49,309,1298,0.7075410818265289,0.6708221176930373,29,21,0,50,0.79,0.704225352112676,1.0
50,0.5,1000,32000,[40],0.2,0.2,1e-06,relu,relu,relu,binarize,0.001,0.3,[10],32000,False,50,309,1298,0.7076825022486118,0.671115278226464,32,18,0,50,0.82,0.7352941176470589,1.0
50,0.5,1000,32000,[40],0.2,0.2,1e-06,relu,relu,relu,binarize,0.001,0.3,[10],32000,False,51,309,1298,0.7078910587957559,0.66831643946847,32,18,0,50,0.82,0.7352941176470589,1.0
50,0.5,1000,32000,[40],0.2,0.2,1e-06,relu,relu,relu,binarize,0.001,0.3,[10],32000,False,52,309,1298,0.7076104145490497,0.6693995488667026,29,21,0,50,0.79,0.704225352112676,1.0
50,0.5,1000,32000,[40],0.2,0.2,1e-06,relu,relu,relu,binarize,0.001,0.3,[10],32000,False,53,309,1298,0.7079060726692444,0.6690203627705913,31,19,0,50,0.81,0.7246376811594203,1.0
50,0.5,1000,32000,[40],0.2,0.2,1e-06,relu,relu,relu,binarize,0.001,0.3,[10],32000,False,54,309,1298,0.7080740850097629,0.6692383754330982,31,19,0,50,0.81,0.7246376811594203,1.0
50,0.5,1000,32000,[40],0.2,0.2,1e-06,relu,relu,relu,binarize,0.001,0.3,[10],32000,False,55,309,1298,0.7080500928327917,0.669238370044391,36,14,0,50,0.86,0.78125,1.0
50,0.5,1000,32000,[40],0.2,0.2,1e-06,relu,relu,relu,binarize,0.001,0.3,[10],32000,False,56,309,1298,0.7080154881050846,0.6695398950121577,31,19,0,50,0.81,0.7246376811594203,1.0
50,0.5,1000,32000,[40],0.2,0.2,1e-06,relu,relu,relu,binarize,0.001,0.3,[10],32000,False,57,309,1298,0.7077364557838484,0.6680479228926124,34,16,0,50,0.84,0.7575757575757576,1.0
50,0.5,1000,32000,[40],0.2,0.2,1e-06,relu,relu,relu,binarize,0.001,0.3,[10],32000,False,58,309,1298,0.7077412908886507,0.6675108721804348,33,17,0,50,0.83,0.746268656716418,1.0
50,0.5,1000,32000,[40],0.2,0.2,1e-06,relu,relu,relu,binarize,0.001,0.3,[10],32000,False,59,309,1298,0.7078607801202247,0.6664621638106849,37,13,0,50,0.87,0.7936507936507936,1.0
50,0.5,1000,32000,[40],0.2,0.2,1e-06,relu,relu,relu,binarize,0.001,0.3,[10],32000,False,60,309,1298,0.7076481344701426,0.6689805798085323,29,21,0,50,0.79,0.704225352112676,1.0
50,0.5,1000,32000,[40],0.2,0.2,1e-06,relu,relu,relu,binarize,0.001,0.3,[10],32000,False,61,309,1298,0.7076859914029283,0.6690789258370436,31,19,0,50,0.81,0.7246376811594203,1.0
50,0.5,1000,32000,[40],0.2,0.2,1e-06,relu,relu,relu,binarize,0.001,0.3,[10],32000,False,62,309,1298,0.7079336675242148,0.6666045051523501,33,17,0,50,0.83,0.746268656716418,1.0
50,0.5,1000,32000,[40],0.2,0.2,1e-06,relu,relu,relu,binarize,0.001,0.3,[10],32000,False,63,309,1298,0.7073203401803733,0.6680867161203389,35,15,0,50,0.85,0.7692307692307693,1.0
50,0.5,1000,32000,[40],0.2,0.2,1e-06,relu,relu,relu,binarize,0.001,0.3,[10],32000,False,64,309,1298,0.707705434728895,0.6691356679311398,33,17,0,50,0.83,0.746268656716418,1.0
50,0.5,1000,32000,[40],0.2,0.2,1e-06,relu,relu,relu,binarize,0.001,0.3,[10],32000,False,65,309,1298,0.7077630821193869,0.670612608459318,32,18,0,50,0.82,0.7352941176470589,1.0
50,0.5,1000,32000,[40],0.2,0.2,1e-06,relu,relu,relu,binarize,0.001,0.3,[10],32000,False,66,309,1298,0.7077238254003227,0.6681753687022727,29,21,0,50,0.79,0.704225352112676,1.0
50,0.5,1000,32000,[40],0.2,0.2,1e-06,relu,relu,relu,binarize,0.001,0.3,[10],32000,False,67,309,1298,0.7074676225386909,0.6704807567760176,32,18,0,50,0.82,0.7352941176470589,1.0
50,0.5,1000,32000,[40],0.2,0.2,1e-06,relu,relu,relu,binarize,0.001,0.3,[10],32000,False,68,309,1298,0.7077180030699128,0.6708928245008094,34,16,0,50,0.84,0.7575757575757576,1.0
50,0.5,1000,32000,[40],0.2,0.2,1e-06,relu,relu,relu,binarize,0.001,0.3,[10],32000,False,69,309,1298,0.7071828528684024,0.6708154475466019,30,20,0,50,0.8,0.7142857142857143,1.0
50,0.5,1000,32000,[40],0.2,0.2,1e-06,relu,relu,relu,binarize,0.001,0.3,[10],32000,False,70,309,1298,0.7078116306191378,0.6691762340417627,33,17,0,50,0.83,0.746268656716418,1.0
50,0.5,1000,32000,[40],0.2,0.2,1e-06,relu,relu,relu,binarize,0.001,0.3,[10],32000,False,71,309,1298,0.7075449177972984,0.6721918988518486,32,18,0,50,0.82,0.7352941176470589,1.0
50,0.5,1000,32000,[40],0.2,0.2,1e-06,relu,relu,relu,binarize,0.001,0.3,[10],32000,False,72,309,1298,0.7076156541129358,0.6713504504124773,32,18,0,50,0.82,0.7352941176470589,1.0
50,0.5,1000,32000,[40],0.2,0.2,1e-06,relu,relu,relu,binarize,0.001,0.3,[10],32000,False,73,309,1298,0.7078372182617725,0.6679595343515825,36,14,0,50,0.86,0.78125,1.0
50,0.5,1000,32000,[40],0.2,0.2,1e-06,relu,relu,relu,binarize,0.001,0.3,[10],32000,False,74,309,1298,0.7073701396466449,0.6710119537257764,36,14,0,50,0.86,0.78125,1.0
50,0.5,1000,32000,[40],0.2,0.2,1e-06,relu,relu,relu,binarize,0.001,0.3,[10],32000,False,75,309,1298,0.7077443114585401,0.6709476283737053,33,17,0,50,0.83,0.746268656716418,1.0
50,0.5,1000,32000,[40],0.2,0.2,1e-06,relu,relu,relu,binarize,0.001,0.3,[10],32000,False,76,309,1298,0.707897237952173,0.6689410632671456,28,22,0,50,0.78,0.6944444444444444,1.0
50,0.5,1000,32000,[40],0.2,0.2,1e-06,relu,relu,relu,binarize,0.001,0.3,[10],32000,False,77,309,1298,0.7077766912367572,0.6676313255572289,34,16,0,50,0.84,0.7575757575757576,1.0
50,0.5,1000,32000,[40],0.2,0.2,1e-06,relu,relu,relu,binarize,0.001,0.3,[10],32000,False,78,309,1298,0.7077874811070457,0.668853163492572,33,17,0,50,0.83,0.746268656716418,1.0
50,0.5,1000,32000,[40],0.2,0.2,1e-06,relu,relu,relu,binarize,0.001,0.3,[10],32000,False,79,309,1298,0.7073931079001768,0.6686740034920851,24,26,0,50,0.74,0.6578947368421053,1.0
50,0.5,1000,32000,[40],0.2,0.2,1e-06,relu,relu,relu,binarize,0.001,0.3,[10],32000,False,80,309,1298,0.7075710397344211,0.6686142925591376,32,18,0,50,0.82,0.7352941176470589,1.0
50,0.5,1000,32000,[40],0.2,0.2,1e-06,relu,relu,relu,binarize,0.001,0.3,[10],32000,False,81,309,1298,0.7076345548936279,0.6702694800674658,34,16,0,50,0.84,0.7575757575757576,1.0
50,0.5,1000,32000,[40],0.2,0.2,1e-06,relu,relu,relu,binarize,0.001,0.3,[10],32000,False,82,309,1298,0.7075040978951614,0.6712089869204705,29,21,0,50,0.79,0.704225352112676,1.0
50,0.5,1000,32000,[40],0.2,0.2,1e-06,relu,relu,relu,binarize,0.001,0.3,[10],32000,False,83,309,1298,0.7080486501568023,0.6692109236671699,33,17,0,50,0.83,0.746268656716418,1.0
50,0.5,1000,32000,[40],0.2,0.2,1e-06,relu,relu,relu,binarize,0.001,0.3,[10],32000,False,84,309,1298,0.7074986062454247,0.6692284209335536,33,17,0,50,0.83,0.746268656716418,1.0
50,0.5,1000,32000,[40],0.2,0.2,1e-06,relu,relu,relu,binarize,0.001,0.3,[10],32000,False,85,309,1298,0.7075083348138053,0.6698526542961808,37,13,0,50,0.87,0.7936507936507936,1.0
50,0.5,1000,32000,[40],0.2,0.2,1e-06,relu,relu,relu,binarize,0.001,0.3,[10],32000,False,86,309,1298,0.707868486996953,0.66961473168095,30,20,0,50,0.8,0.7142857142857143,1.0
50,0.5,1000,32000,[40],0.2,0.2,1e-06,relu,relu,relu,binarize,0.001,0.3,[10],32000,False,87,309,1298,0.7078275592806338,0.6678169568526106,36,14,0,50,0.86,0.78125,1.0
50,0.5,1000,32000,[40],0.2,0.2,1e-06,relu,relu,relu,binarize,0.001,0.3,[10],32000,False,88,309,1298,0.7077427477803475,0.6689349472291912,32,18,0,50,0.82,0.7352941176470589,1.0
50,0.5,1000,32000,[40],0.2,0.2,1e-06,relu,relu,relu,binarize,0.001,0.3,[10],32000,False,89,309,1298,0.7080527688996885,0.6692506512354065,22,28,0,50,0.72,0.6410256410256411,1.0
50,0.5,1000,32000,[40],0.2,0.2,1e-06,relu,relu,relu,binarize,0.001,0.3,[10],32000,False,90,309,1298,0.7074347290028037,0.669432055918995,28,22,0,50,0.78,0.6944444444444444,1.0
50,0.5,1000,32000,[40],0.2,0.2,1e-06,relu,relu,relu,binarize,0.001,0.3,[10],32000,False,91,309,1298,0.7077477457153497,0.6668472898153477,33,17,0,50,0.83,0.746268656716418,1.0
50,0.5,1000,32000,[40],0.2,0.2,1e-06,relu,relu,relu,binarize,0.001,0.3,[10],32000,False,92,309,1298,0.7075059290253896,0.6669467675512009,40,10,0,50,0.9,0.8333333333333334,1.0
50,0.5,1000,32000,[40],0.2,0.2,1e-06,relu,relu,relu,binarize,0.001,0.3,[10],32000,False,93,309,1298,0.7076786271669795,0.6715466948885719,36,14,0,50,0.86,0.78125,1.0
50,0.5,1000,32000,[40],0.2,0.2,1e-06,relu,relu,relu,binarize,0.001,0.3,[10],32000,False,94,309,1298,0.7079969790234106,0.6688149111551711,30,20,0,50,0.8,0.7142857142857143,1.0
50,0.5,1000,32000,[40],0.2,0.2,1e-06,relu,relu,relu,binarize,0.001,0.3,[10],32000,False,95,309,1298,0.7081421476887134,0.6672353619677396,30,20,0,50,0.8,0.7142857142857143,1.0
50,0.5,1000,32000,[40],0.2,0.2,1e-06,relu,relu,relu,binarize,0.001,0.3,[10],32000,False,96,309,1298,0.7081574431094588,0.6701843981690376,38,12,0,50,0.88,0.8064516129032258,1.0
50,0.5,1000,32000,[40],0.2,0.2,1e-06,relu,relu,relu,binarize,0.001,0.3,[10],32000,False,97,309,1298,0.7077420927517093,0.6691894709586738,32,18,0,50,0.82,0.7352941176470589,1.0
50,0.5,1000,32000,[40],0.2,0.2,1e-06,relu,relu,relu,binarize,0.001,0.3,[10],32000,False,98,309,1298,0.7078382155896875,0.6685003380042245,38,12,0,50,0.88,0.8064516129032258,1.0
50,0.5,1000,32000,[40],0.2,0.2,1e-06,relu,relu,relu,binarize,0.001,0.3,[10],32000,False,99,309,1298,0.7081082388541569,0.6689783143063825,27,23,0,50,0.77,0.684931506849315,1.0
50,0.5,1000,32000,[40],0.2,0.2,1e-06,relu,relu,relu,binarize,0.001,0.3,[10],32000,False,100,309,1298,0.7074127173221811,0.668543233849533,29,21,0,50,0.79,0.704225352112676,1.0
50,0.5,1000,32000,[40],0.2,0.2,1e-06,relu,relu,relu,binarize,0.001,0.3,[10],32000,False,101,309,1298,0.707411202472515,0.6701288909433339,35,15,0,50,0.85,0.7692307692307693,1.0
50,0.5,1000,32000,[40],0.2,0.2,1e-06,relu,relu,relu,binarize,0.001,0.3,[10],32000,False,102,309,1298,0.7079002737169364,0.6686126969659311,30,20,0,50,0.8,0.7142857142857143,1.0
50,0.5,1000,32000,[40],0.2,0.2,1e-06,relu,relu,relu,binarize,0.001,0.3,[10],32000,False,103,309,1298,0.7081264502291948,0.668134691133869,34,16,0,50,0.84,0.7575757575757576,1.0
50,0.5,1000,32000,[40],0.2,0.2,1e-06,relu,relu,relu,binarize,0.001,0.3,[10],32000,False,104,309,1298,0.7076612817027195,0.6701340297252247,37,13,0,50,0.87,0.7936507936507936,1.0
50,0.5,1000,32000,[40],0.2,0.2,1e-06,relu,relu,relu,binarize,0.001,0.3,[10],32000,False,105,309,1298,0.7079395344584797,0.6704245835091299,35,15,0,50,0.85,0.7692307692307693,1.0
50,0.5,1000,32000,[40],0.2,0.2,1e-06,relu,relu,relu,binarize,0.001,0.3,[10],32000,False,106,309,1298,0.7076243554983952,0.669829037392336,30,20,0,50,0.8,0.7142857142857143,1.0
50,0.5,1000,32000,[40],0.2,0.2,1e-06,relu,relu,relu,binarize,0.001,0.3,[10],32000,False,107,309,1298,0.7077370747846847,0.6681302366780443,33,17,0,50,0.83,0.746268656716418,1.0
50,0.5,1000,32000,[40],0.2,0.2,1e-06,relu,relu,relu,binarize,0.001,0.3,[10],32000,False,108,309,1298,0.7078400960069033,0.6690030297901813,34,16,0,50,0.84,0.7575757575757576,1.0
50,0.5,1000,32000,[40],0.2,0.2,1e-06,relu,relu,relu,binarize,0.001,0.3,[10],32000,False,109,309,1298,0.7082621012183382,0.6695973229895189,23,27,0,50,0.73,0.6493506493506493,1.0
50,0.5,1000,32000,[40],0.2,0.2,1e-06,relu,relu,relu,binarize,0.001,0.3,[10],32000,False,110,309,1298,0.7075144877202956,0.6693988591555915,33,17,0,50,0.83,0.746268656716418,1.0
50,0.5,1000,32000,[40],0.2,0.2,1e-06,relu,relu,relu,binarize,0.001,0.3,[10],32000,False,111,309,1298,0.7082230356024566,0.6683900904867154,31,19,0,50,0.81,0.7246376811594203,1.0
50,0.5,1000,32000,[40],0.2,0.2,1e-06,relu,relu,relu,binarize,0.001,0.3,[10],32000,False,112,309,1298,0.7079273525110223,0.6707478953918699,26,24,0,50,0.76,0.6756756756756757,1.0
50,0.5,1000,32000,[40],0.2,0.2,1e-06,relu,relu,relu,binarize,0.001,0.3,[10],32000,False,113,309,1298,0.7076392470043507,0.6702768193092139,37,13,0,50,0.87,0.7936507936507936,1.0
50,0.5,1000,32000,[40],0.2,0.2,1e-06,relu,relu,relu,binarize,0.001,0.3,[10],32000,False,114,309,1298,0.7078010286578574,0.6671959424256295,31,19,0,50,0.81,0.7246376811594203,1.0
50,0.5,1000,32000,[40],0.2,0.2,1e-06,relu,relu,relu,binarize,0.001,0.3,[10],32000,False,115,309,1298,0.707681259976637,0.6693798062834789,33,17,0,50,0.83,0.746268656716418,1.0
50,0.5,1000,32000,[40],0.2,0.2,1e-06,relu,relu,relu,binarize,0.001,0.3,[10],32000,False,116,309,1298,0.7076769844837515,0.6713903166131631,33,17,0,50,0.83,0.746268656716418,1.0
50,0.5,1000,32000,[40],0.2,0.2,1e-06,relu,relu,relu,binarize,0.001,0.3,[10],32000,False,117,309,1298,0.7076916002405849,0.6675762663060993,33,17,0,50,0.83,0.746268656716418,1.0
50,0.5,1000,32000,[40],0.2,0.2,1e-06,relu,relu,relu,binarize,0.001,0.3,[10],32000,False,118,309,1298,0.7082197835058857,0.6672725070788397,33,17,0,50,0.83,0.746268656716418,1.0
50,0.5,1000,32000,[40],0.2,0.2,1e-06,relu,relu,relu,binarize,0.001,0.3,[10],32000,False,119,309,1298,0.7081150545932595,0.6680819546997132,33,17,0,50,0.83,0.746268656716418,1.0
50,0.5,1000,32000,[40],0.2,0.2,1e-06,relu,relu,relu,binarize,0.001,0.3,[10],32000,False,120,309,1298,0.7077287444009233,0.6681706048858468,35,15,0,50,0.85,0.7692307692307693,1.0
50,0.5,1000,32000,[40],0.2,0.2,1e-06,relu,relu,relu,binarize,0.001,0.3,[10],32000,False,121,309,1298,0.707828411590245,0.6693859511355522,30,20,0,50,0.8,0.7142857142857143,1.0
50,0.5,1000,32000,[40],0.2,0.2,1e-06,relu,relu,relu,binarize,0.001,0.3,[10],32000,False,122,309,1298,0.7077007491506148,0.6688253259054004,31,19,0,50,0.81,0.7246376811594203,1.0
50,0.5,1000,32000,[40],0.2,0.2,1e-06,relu,relu,relu,binarize,0.001,0.3,[10],32000,False,123,309,1298,0.7078500188082636,0.6682946968716368,29,21,0,50,0.79,0.704225352112676,1.0
50,0.5,1000,32000,[40],0.2,0.2,1e-06,relu,relu,relu,binarize,0.001,0.3,[10],32000,False,124,309,1298,0.7079320652379468,0.6680182104255221,39,11,0,50,0.89,0.819672131147541,1.0
50,0.5,1000,32000,[40],0.2,0.2,1e-06,relu,relu,relu,binarize,0.001,0.3,[10],32000,False,125,309,1298,0.7077494905055748,0.6694268073046925,36,14,0,50,0.86,0.78125,1.0
50,0.5,1000,32000,[40],0.2,0.2,1e-06,relu,relu,relu,binarize,0.001,0.3,[10],32000,False,126,309,1298,0.7078919568979816,0.6670775643435517,37,13,0,50,0.87,0.7936507936507936,1.0
50,0.5,1000,32000,[40],0.2,0.2,1e-06,relu,relu,relu,binarize,0.001,0.3,[10],32000,False,127,309,1298,0.707744091605492,0.6693188118934243,27,23,0,50,0.77,0.684931506849315,1.0
50,0.5,1000,32000,[40],0.2,0.2,1e-06,relu,relu,relu,binarize,0.001,0.3,[10],32000,False,128,309,1298,0.7077121006385025,0.6707757284805272,31,19,0,50,0.81,0.7246376811594203,1.0
50,0.5,1000,32000,[40],0.2,0.2,1e-06,relu,relu,relu,binarize,0.001,0.3,[10],32000,False,129,309,1298,0.7077659784915872,0.6701126936917692,36,14,0,50,0.86,0.78125,1.0
50,0.5,1000,32000,[40],0.2,0.2,1e-06,relu,relu,relu,binarize,0.001,0.3,[10],32000,False,130,309,1298,0.7081805912051756,0.6692902550181117,31,19,0,50,0.81,0.7246376811594203,1.0
50,0.5,1000,32000,[40],0.2,0.2,1e-06,relu,relu,relu,binarize,0.001,0.3,[10],32000,False,131,309,1298,0.707959745924873,0.6680636583062542,35,15,0,50,0.85,0.7692307692307693,1.0
50,0.5,1000,32000,[40],0.2,0.2,1e-06,relu,relu,relu,binarize,0.001,0.3,[10],32000,False,132,309,1298,0.7076921368376818,0.6684436536694142,33,17,0,50,0.83,0.746268656716418,1.0
50,0.5,1000,32000,[40],0.2,0.2,1e-06,relu,relu,relu,binarize,0.001,0.3,[10],32000,False,133,309,1298,0.7077458616324632,0.6680959382625187,36,14,0,50,0.86,0.78125,1.0
50,0.5,1000,32000,[40],0.2,0.2,1e-06,relu,relu,relu,binarize,0.001,0.3,[10],32000,False,134,309,1298,0.7075266545370587,0.6685554785512333,29,21,0,50,0.79,0.704225352112676,1.0
50,0.5,1000,32000,[40],0.2,0.2,1e-06,relu,relu,relu,binarize,0.001,0.3,[10],32000,False,135,309,1298,0.7078981933788924,0.6697761558463946,26,24,0,50,0.76,0.6756756756756757,1.0
50,0.5,1000,32000,[40],0.2,0.2,1e-06,relu,relu,relu,binarize,0.001,0.3,[10],32000,False,136,309,1298,0.7077826189161163,0.6705140883533185,35,15,0,50,0.85,0.7692307692307693,1.0
50,0.5,1000,32000,[40],0.2,0.2,1e-06,relu,relu,relu,binarize,0.001,0.3,[10],32000,False,137,309,1298,0.707648500048321,0.6682063212389684,32,18,0,50,0.82,0.7352941176470589,1.0
50,0.5,1000,32000,[40],0.2,0.2,1e-06,relu,relu,relu,binarize,0.001,0.3,[10],32000,False,138,309,1298,0.7080756880246646,0.6702819101293486,24,26,0,50,0.74,0.6578947368421053,1.0
50,0.5,1000,32000,[40],0.2,0.2,1e-06,relu,relu,relu,binarize,0.001,0.3,[10],32000,False,139,309,1298,0.7075381980691557,0.669594224724402,32,18,0,50,0.82,0.7352941176470589,1.0
50,0.5,1000,32000,[40],0.2,0.2,1e-06,relu,relu,relu,binarize,0.001,0.3,[10],32000,False,140,309,1298,0.7079130202565117,0.6690428272918316,33,17,0,50,0.83,0.746268656716418,1.0
50,0.5,1000,32000,[40],0.2,0.2,1e-06,relu,relu,relu,binarize,0.001,0.3,[10],32000,False,141,309,1298,0.7076388905863662,0.6688818790677956,35,15,0,50,0.85,0.7692307692307693,1.0
50,0.5,1000,32000,[40],0.2,0.2,1e-06,relu,relu,relu,binarize,0.001,0.3,[10],32000,False,142,309,1298,0.7077119991905414,0.6686135465495048,38,12,0,50,0.88,0.8064516129032258,1.0
50,0.5,1000,32000,[40],0.2,0.2,1e-06,relu,relu,relu,binarize,0.001,0.3,[10],32000,False,143,309,1298,0.7078711899539842,0.6677880228503132,29,21,0,50,0.79,0.704225352112676,1.0
50,0.5,1000,32000,[40],0.2,0.2,1e-06,relu,relu,relu,binarize,0.001,0.3,[10],32000,False,144,309,1298,0.707890511539867,0.6669594570366966,38,12,0,50,0.88,0.8064516129032258,1.0
50,0.5,1000,32000,[40],0.2,0.2,1e-06,relu,relu,relu,binarize,0.001,0.3,[10],32000,False,145,309,1298,0.7079583954720754,0.6676383975133386,30,20,0,50,0.8,0.7142857142857143,1.0
50,0.5,1000,32000,[40],0.2,0.2,1e-06,relu,relu,relu,binarize,0.001,0.3,[10],32000,False,146,309,1298,0.7074992497987858,0.6710824455617991,33,17,0,50,0.83,0.746268656716418,1.0
50,0.5,1000,32000,[40],0.2,0.2,1e-06,relu,relu,relu,binarize,0.001,0.3,[10],32000,False,147,309,1298,0.7080205933246274,0.6698838448363176,32,18,0,50,0.82,0.7352941176470589,1.0
50,0.5,1000,32000,[40],0.2,0.2,1e-06,relu,relu,relu,binarize,0.001,0.3,[10],32000,False,148,309,1298,0.7077667876758842,0.6714497370814009,28,22,0,50,0.78,0.6944444444444444,1.0
50,0.5,1000,32000,[40],0.2,0.2,1e-06,relu,relu,relu,binarize,0.001,0.3,[10],32000,False,149,309,1298,0.707946941481604,0.6679802014588102,32,18,0,50,0.82,0.7352941176470589,1.0
50,0.5,1000,32000,[40],0.2,0.2,1e-06,relu,relu,relu,binarize,0.001,0.3,[10],32000,False,150,309,1298,0.707723294723043,0.6691687175443247,32,18,0,50,0.82,0.7352941176470589,1.0
50,0.5,1000,32000,[40],0.2,0.2,1e-06,relu,relu,relu,binarize,0.001,0.3,[10],32000,False,151,309,1298,0.7075677034268987,0.6714626914828608,35,15,0,50,0.85,0.7692307692307693,1.0
50,0.5,1000,32000,[40],0.2,0.2,1e-06,relu,relu,relu,binarize,0.001,0.3,[10],32000,False,152,309,1298,0.7076909479384677,0.6721040516974176,36,14,0,50,0.86,0.78125,1.0
50,0.5,1000,32000,[40],0.2,0.2,1e-06,relu,relu,relu,binarize,0.001,0.3,[10],32000,False,153,309,1298,0.7079285150102523,0.6683933957913324,29,21,0,50,0.79,0.704225352112676,1.0
50,0.5,1000,32000,[40],0.2,0.2,1e-06,relu,relu,relu,binarize,0.001,0.3,[10],32000,False,154,309,1298,0.707776029669248,0.668709339466375,35,15,0,50,0.85,0.7692307692307693,1.0
50,0.5,1000,32000,[40],0.2,0.2,1e-06,relu,relu,relu,binarize,0.001,0.3,[10],32000,False,155,309,1298,0.7073941725244197,0.6697727284306254,34,16,0,50,0.84,0.7575757575757576,1.0
50,0.5,1000,32000,[40],0.2,0.2,1e-06,relu,relu,relu,binarize,0.001,0.3,[10],32000,False,156,309,1298,0.7077096602729771,0.6708721501708992,33,17,0,50,0.83,0.746268656716418,1.0
50,0.5,1000,32000,[40],0.2,0.2,1e-06,relu,relu,relu,binarize,0.001,0.3,[10],32000,False,157,309,1298,0.707569940708787,0.67084088625938,29,21,0,50,0.79,0.704225352112676,1.0
50,0.5,1000,32000,[40],0.2,0.2,1e-06,relu,relu,relu,binarize,0.001,0.3,[10],32000,False,158,309,1298,0.708030233946877,0.6696448331922971,35,15,0,50,0.85,0.7692307692307693,1.0
50,0.5,1000,32000,[40],0.2,0.2,1e-06,relu,relu,relu,binarize,0.001,0.3,[10],32000,False,159,309,1298,0.7078407758006074,0.6680820621460728,31,19,0,50,0.81,0.7246376811594203,1.0
50,0.5,1000,32000,[40],0.2,0.2,1e-06,relu,relu,relu,binarize,0.001,0.3,[10],32000,False,160,309,1298,0.7078202917934553,0.6687709435967264,27,23,0,50,0.77,0.684931506849315,1.0
50,0.5,1000,32000,[40],0.2,0.2,1e-06,relu,relu,relu,binarize,0.001,0.3,[10],32000,False,161,309,1298,0.7074521048397708,0.6687397161303972,33,17,0,50,0.83,0.746268656716418,1.0
50,0.5,1000,32000,[40],0.2,0.2,1e-06,relu,relu,relu,binarize,0.001,0.3,[10],32000,False,162,309,1298,0.7078290550572445,0.6692414295818236,36,14,0,50,0.86,0.78125,1.0
50,0.5,1000,32000,[40],0.2,0.2,1e-06,relu,relu,relu,binarize,0.001,0.3,[10],32000,False,163,309,1298,0.7075631445084559,0.6682493991320505,26,24,0,50,0.76,0.6756756756756757,1.0
50,0.5,1000,32000,[40],0.2,0.2,1e-06,relu,relu,relu,binarize,0.001,0.3,[10],32000,False,164,309,1298,0.7073867331105127,0.6688345648190511,32,18,0,50,0.82,0.7352941176470589,1.0
50,0.5,1000,32000,[40],0.2,0.2,1e-06,relu,relu,relu,binarize,0.001,0.3,[10],32000,False,165,309,1298,0.7079265608259566,0.6670307109761657,30,20,0,50,0.8,0.7142857142857143,1.0
50,0.5,1000,32000,[40],0.2,0.2,1e-06,relu,relu,relu,binarize,0.001,0.3,[10],32000,False,166,309,1298,0.7082552247176273,0.6672299005493872,36,14,0,50,0.86,0.78125,1.0
50,0.5,1000,32000,[40],0.2,0.2,1e-06,relu,relu,relu,binarize,0.001,0.3,[10],32000,False,167,309,1298,0.7081036360795001,0.6688609213774614,30,20,0,50,0.8,0.7142857142857143,1.0
50,0.5,1000,32000,[40],0.2,0.2,1e-06,relu,relu,relu,binarize,0.001,0.3,[10],32000,False,168,309,1298,0.7078903400945393,0.6688132559915401,24,26,0,50,0.74,0.6578947368421053,1.0
50,0.5,1000,32000,[40],0.2,0.2,1e-06,relu,relu,relu,binarize,0.001,0.3,[10],32000,False,169,309,1298,0.7079926678327457,0.6693415778787956,35,15,0,50,0.85,0.7692307692307693,1.0
50,0.5,1000,32000,[40],0.2,0.2,1e-06,relu,relu,relu,binarize,0.001,0.3,[10],32000,False,170,309,1298,0.7078302874529616,0.6685720246621832,25,25,0,50,0.75,0.6666666666666666,1.0
50,0.5,1000,32000,[40],0.2,0.2,1e-06,relu,relu,relu,binarize,0.001,0.3,[10],32000,False,171,309,1298,0.7074418910955181,0.6693693256477035,33,17,0,50,0.83,0.746268656716418,1.0
50,0.5,1000,32000,[40],0.2,0.2,1e-06,relu,relu,relu,binarize,0.001,0.3,[10],32000,False,172,309,1298,0.7073055119326189,0.6710689622954188,31,19,0,50,0.81,0.7246376811594203,1.0
50,0.5,1000,32000,[40],0.2,0.2,1e-06,relu,relu,relu,binarize,0.001,0.3,[10],32000,False,173,309,1298,0.7080412592298302,0.6717856045240018,29,21,0,50,0.79,0.704225352112676,1.0
50,0.5,1000,32000,[40],0.2,0.2,1e-06,relu,relu,relu,binarize,0.001,0.3,[10],32000,False,174,309,1298,0.7074370219744134,0.6712045894843222,29,21,0,50,0.79,0.704225352112676,1.0
50,0.5,1000,32000,[40],0.2,0.2,1e-06,relu,relu,relu,binarize,0.001,0.3,[10],32000,False,175,309,1298,0.7079806826588873,0.6683127041383385,29,21,0,50,0.79,0.704225352112676,1.0
50,0.5,1000,32000,[40],0.2,0.2,1e-06,relu,relu,relu,binarize,0.001,0.3,[10],32000,False,176,309,1298,0.707956033976353,0.6699049785146591,35,15,0,50,0.85,0.7692307692307693,1.0
50,0.5,1000,32000,[40],0.2,0.2,1e-06,relu,relu,relu,binarize,0.001,0.3,[10],32000,False,177,309,1298,0.7082232212514045,0.6705445907464059,35,15,0,50,0.85,0.7692307692307693,1.0
50,0.5,1000,32000,[40],0.2,0.2,1e-06,relu,relu,relu,binarize,0.001,0.3,[10],32000,False,178,309,1298,0.7075061116484584,0.6694215143961075,35,15,0,50,0.85,0.7692307692307693,1.0
50,0.5,1000,32000,[40],0.2,0.2,1e-06,relu,relu,relu,binarize,0.001,0.3,[10],32000,False,179,309,1298,0.707787351237229,0.6668566937475724,31,19,0,50,0.81,0.7246376811594203,1.0
50,0.5,1000,32000,[40],0.2,0.2,1e-06,relu,relu,relu,binarize,0.001,0.3,[10],32000,False,180,309,1298,0.707939838526811,0.6701575721702084,39,11,0,50,0.89,0.819672131147541,1.0
50,0.5,1000,32000,[40],0.2,0.2,1e-06,relu,relu,relu,binarize,0.001,0.3,[10],32000,False,181,309,1298,0.7074380151045687,0.6688553024601236,32,18,0,50,0.82,0.7352941176470589,1.0
50,0.5,1000,32000,[40],0.2,0.2,1e-06,relu,relu,relu,binarize,0.001,0.3,[10],32000,False,182,309,1298,0.7081738484078047,0.6682405284863149,32,18,0,50,0.82,0.7352941176470589,1.0
50,0.5,1000,32000,[40],0.2,0.2,1e-06,relu,relu,relu,binarize,0.001,0.3,[10],32000,False,183,309,1298,0.7079576837889792,0.6672055964888663,40,10,0,50,0.9,0.8333333333333334,1.0
50,0.5,1000,32000,[40],0.2,0.2,1e-06,relu,relu,relu,binarize,0.001,0.3,[10],32000,False,184,309,1298,0.7075936276127989,0.6681724278072947,31,19,0,50,0.81,0.7246376811594203,1.0
50,0.5,1000,32000,[40],0.2,0.2,1e-06,relu,relu,relu,binarize,0.001,0.3,[10],32000,False,185,309,1298,0.7078878366523687,0.668481341189392,29,21,0,50,0.79,0.704225352112676,1.0
50,0.5,1000,32000,[40],0.2,0.2,1e-06,relu,relu,relu,binarize,0.001,0.3,[10],32000,False,186,309,1298,0.7077608564261049,0.6696647512598796,35,15,0,50,0.85,0.7692307692307693,1.0
50,0.5,1000,32000,[40],0.2,0.2,1e-06,relu,relu,relu,binarize,0.001,0.3,[10],32000,False,187,309,1298,0.7077230202207586,0.671203636781735,32,18,0,50,0.82,0.7352941176470589,1.0
50,0.5,1000,32000,[40],0.2,0.2,1e-06,relu,relu,relu,binarize,0.001,0.3,[10],32000,False,188,309,1298,0.7074971156433979,0.6706414079734088,30,20,0,50,0.8,0.7142857142857143,1.0
50,0.5,1000,32000,[40],0.2,0.2,1e-06,relu,relu,relu,binarize,0.001,0.3,[10],32000,False,189,309,1298,0.7082133992969428,0.669304890077379,32,18,0,50,0.82,0.7352941176470589,1.0
50,0.5,1000,32000,[40],0.2,0.2,1e-06,relu,relu,relu,binarize,0.001,0.3,[10],32000,False,190,309,1298,0.7078330117364173,0.6689724472683233,30,20,0,50,0.8,0.7142857142857143,1.0
50,0.5,1000,32000,[40],0.2,0.2,1e-06,relu,relu,relu,binarize,0.001,0.3,[10],32000,False,191,309,1298,0.7077707522006598,0.6710978621170857,32,18,0,50,0.82,0.7352941176470589,1.0
50,0.5,1000,32000,[40],0.2,0.2,1e-06,relu,relu,relu,binarize,0.001,0.3,[10],32000,False,192,309,1298,0.7078785513382128,0.6686613769403429,30,20,0,50,0.8,0.7142857142857143,1.0
50,0.5,1000,32000,[40],0.2,0.2,1e-06,relu,relu,relu,binarize,0.001,0.3,[10],32000,False,193,309,1298,0.7077293329655513,0.6689820997978921,29,21,0,50,0.79,0.704225352112676,1.0
50,0.5,1000,32000,[40],0.2,0.2,1e-06,relu,relu,relu,binarize,0.001,0.3,[10],32000,False,194,309,1298,0.7080263048266805,0.6689991241061308,36,14,0,50,0.86,0.78125,1.0
50,0.5,1000,32000,[40],0.2,0.2,1e-06,relu,relu,relu,binarize,0.001,0.3,[10],32000,False,195,309,1298,0.7080310622878356,0.6680715753042209,27,23,0,50,0.77,0.684931506849315,1.0
50,0.5,1000,32000,[40],0.2,0.2,1e-06,relu,relu,relu,binarize,0.001,0.3,[10],32000,False,196,309,1298,0.7081356843715725,0.6675698680099872,32,18,0,50,0.82,0.7352941176470589,1.0
50,0.5,1000,32000,[40],0.2,0.2,1e-06,relu,relu,relu,binarize,0.001,0.3,[10],32000,False,197,309,1298,0.7080355867933104,0.6705079811695479,35,15,0,50,0.85,0.7692307692307693,1.0
50,0.5,1000,32000,[40],0.2,0.2,1e-06,relu,relu,relu,binarize,0.001,0.3,[10],32000,False,198,309,1298,0.7078141112053367,0.668883605029506,42,8,0,50,0.92,0.8620689655172413,1.0
50,0.5,1000,32000,[40],0.2,0.2,1e-06,relu,relu,relu,binarize,0.001,0.3,[10],32000,False,199,309,1298,0.7076234531451746,0.6679574952245595,29,21,0,50,0.79,0.704225352112676,1.0
